Date,Open,High,Low,Close,Volume,Market Cap
2018-07-04,1.8014999628067017,1.8078099489212036,1.2305799722671509,1.7694300413131714,10092.7001953125,0.0
2018-07-05,1.775629997253418,1.8134100437164307,1.2899999618530273,1.3142800331115723,29.93079948425293,0.0
2018-07-06,1.313670039176941,1.5942200422286987,0.9053239822387695,0.9445340037345886,1049.8299560546875,0.0
2018-07-07,0.944163978099823,0.950285017490387,0.9304680228233337,0.934240996837616,0.09977330267429352,0.0
2018-07-08,1.5541800260543823,1.5828299522399902,0.9723759889602661,0.9737030267715454,623.4439697265625,0.0
2018-07-09,0.9735590219497681,1.0693399906158447,0.6728799939155579,1.038849949836731,192.58900451660156,0.0
2018-07-10,1.038059949874878,1.0421600341796875,0.42831501364707947,0.9271450042724609,38.576900482177734,0.0
2018-07-11,0.927174985408783,0.9575740098953247,0.9134230017662048,0.9482719898223877,0.04431619867682457,0.0
2018-07-13,0.4600520133972168,0.4625850021839142,0.45213600993156433,0.45458099246025085,146.3719940185547,0.0
2018-07-14,0.4554469883441925,0.46030300855636597,0.45219600200653076,0.46030300855636597,140.56199645996094,0.0
2018-07-17,0.6575490236282349,0.6575490236282349,0.6501169800758362,0.6510819792747498,1.734660029411316,0.0
2018-07-18,0.6511120200157166,1.6187800168991089,0.6251099705696106,0.634676992893219,271.37298583984375,0.0
2018-07-19,0.6344820261001587,1.2986700534820557,0.6250209808349609,1.2617499828338623,0.18872900307178497,0.0
2018-07-20,1.2620400190353394,1.2620400190353394,1.2250900268554688,1.24714994430542,0.04638649895787239,0.0
2018-07-22,0.6172270178794861,0.9312400221824646,0.6105419993400574,0.612654983997345,226.83999633789062,0.0
2018-07-23,0.6125100255012512,0.9833549857139587,0.6116049885749817,0.9471409916877747,0.2887119948863983,0.0
2018-07-24,0.9468880295753479,0.9828150272369385,0.9461359977722168,0.9828150272369385,0.2995859980583191,0.0
2019-09-26,0.00356436582388,0.00358563956435,0.00353411168935,0.00357536480456,14089862.0623228,0.0
2019-09-27,0.00357698765339,0.0036618619757,0.00352749253274,0.00365270458664,13635977.1967819,0.0
2019-09-28,0.00365318427555,0.00366978867479,0.00348614134565,0.00355187933588,13432485.1997956,0.0
2019-09-29,0.00355404607939,0.00356276356197,0.00342473749139,0.0035313066776,2567830.19536255,0.0
2019-09-30,0.00353128947213,0.00354550387664,0.00343435627899,0.00353592873077,3046324.76681294,0.0
2019-10-01,0.00353681378777,0.00370524982926,0.00347565181541,0.0034768379286,1007189.77497104,0.0
2019-10-02,0.0034768379286,0.00357395589527,0.00347263412825,0.00357321575427,952676.101486855,0.0
2019-10-03,0.0035732186277,0.00357470414745,0.00342135491548,0.0034726664973,1086598.17111504,0.0
2019-10-04,0.00347251311465,0.00352277639211,0.0034392823057,0.00349592266583,1218399.18747313,0.0
2019-10-05,0.00349592266583,0.00349592266583,0.00339292664617,0.00341359771459,985502.504056909,0.0
2019-10-06,0.00341350385697,0.00345706307331,0.00337745256526,0.00338787429917,1237886.14825802,0.0
2019-10-07,0.00338309013661,0.00347068659623,0.00333472343926,0.00346052070553,1193398.10346042,0.0
2019-10-08,0.00345792039638,0.00348408311803,0.00339665432692,0.0034359497575,1212265.2547187,0.0
2019-10-09,0.0034359497575,0.0036630749782,0.00340449730294,0.00366304211358,1897043.47339627,0.0
2019-10-10,0.00365894750732,0.00366496368504,0.0035419001462,0.00356816929887,1749322.72419748,0.0
2019-10-11,0.00356775283233,0.00361856656375,0.00349458661193,0.00349546318526,1811284.34660946,0.0
2019-10-12,0.00349696271312,0.00354673339807,0.00344677820182,0.00350306874583,2582104.75220877,0.0
2019-10-13,0.00350202997305,0.00363675872532,0.00349502942549,0.00363087841257,3043960.6231274,0.0
2019-10-14,0.00363087841257,0.00363885861198,0.00360359963521,0.00362030496212,9595211.90966939,0.0
2019-10-15,0.00362273206929,0.00362494115064,0.00352920946581,0.0035437858097,15559144.1164135,0.0
2019-10-16,0.003542352874,0.00354603096305,0.00344057578881,0.00349229697504,8705157.04474375,0.0
2019-10-17,0.00349374055528,0.00352283463483,0.00347510387456,0.00349209366157,15544748.2329945,0.0
2019-10-18,0.00349209366157,0.00349249881639,0.00335675650887,0.00341371348748,15235880.8360608,0.0
2019-10-19,0.00341106609292,0.00344625052686,0.00336726945197,0.00337813040415,15059747.4973326,0.0
2019-10-20,0.00337998100982,0.00341299936848,0.00331262392403,0.00338693069266,15578778.0452972,0.0
2019-10-21,0.00338736989341,0.00344653764007,0.00335724320747,0.00343596118006,15701023.2001083,0.0
2019-10-22,0.00343436414546,0.00344824181343,0.00336772885904,0.00337917381358,2890505.07792574,0.0
2019-10-23,0.00337567368972,0.00338667297266,0.00317501002642,0.00320106927343,14041914.8356536,0.0
2019-10-24,0.00320106927343,0.00321252042708,0.00311097035003,0.00318279254571,13589132.7146505,0.0
2019-10-25,0.00318279254571,0.00360787980001,0.00309071064956,0.00355460019355,15973305.4501877,0.0
2019-10-26,0.0035639393666,0.00388499863839,0.00347341741342,0.00364439342862,17543961.2831654,0.0
2019-10-27,0.00364576981639,0.00389990928123,0.00346957392156,0.00387293964471,12670694.2596025,0.0
2019-10-28,0.00386657924971,0.00393240150487,0.00369765704506,0.00373788236347,14041698.0409501,0.0
2019-10-29,0.00373855062765,0.00392310624895,0.00372692705867,0.00388933813929,14210011.5414344,0.0
2019-10-30,0.00388984324854,0.00393043935473,0.0037929526567,0.003892188823,18499379.8763862,0.0
2019-10-31,0.00389321991981,0.00393961089775,0.00379066181631,0.00389202628745,5485527.66633341,0.0
2019-11-01,0.00389655397781,0.00392911720238,0.00384841980024,0.00391504295322,5709221.72238971,0.0
2019-11-02,0.00391504295322,0.00398159670568,0.00390859015439,0.00393938125031,6400499.48731227,0.0
2019-11-03,0.00394066810485,0.0039508513948,0.00384048150393,0.00389465965108,5174405.21506284,0.0
2019-11-04,0.00389475457995,0.00402040462327,0.00385550994611,0.00396448834382,4304941.17331288,0.0
2019-11-05,0.00396448834382,0.00418398668317,0.00391961323304,0.00417018025244,4637419.78542955,0.0
2019-11-06,0.00417218140361,0.00425182059769,0.0041628722024,0.00418746737968,5460868.50653001,0.0
2019-11-07,0.00418743869378,0.00419425756581,0.00406226406438,0.00408968225418,22999448.608687,0.0
2019-11-08,0.00408896913239,0.0041533834654,0.00394730291139,0.00397172379484,23956053.3421676,0.0
2019-11-09,0.0039712541448,0.00401716406271,0.00395543812868,0.00398731940962,22389527.5758767,0.0
2019-11-10,0.00398627768913,0.00405468377475,0.00395888085903,0.00403459375387,18778141.1457885,0.0
2019-11-11,0.00403451781178,0.00404648923548,0.00389253461956,0.00389253461956,5269371.8463753,0.0
2019-11-12,0.00389361350669,0.00395909779983,0.00387500134932,0.00390765187684,4199826.49885831,0.0
2019-11-13,0.00390557961546,0.00394683329452,0.00388257812409,0.00388781664977,3103722.58443806,0.0
2019-11-14,0.00388794885411,0.00392141088634,0.00384524870184,0.00390527911532,16086265.2027279,0.0
2019-11-15,0.00390989050107,0.00391240101067,0.00375111222884,0.0037543999577,15115353.9983914,0.0
2019-11-16,0.00375482586575,0.0037794626398,0.00371102143427,0.00372161862346,17515369.6356434,0.0
2019-11-17,0.00372161862346,0.00377320535592,0.00365769399437,0.00370564291085,24657397.0517504,0.0
2019-11-18,0.00370639053998,0.00372035134626,0.00345864135718,0.003500408236,15848518.7441575,0.0
2019-11-19,0.003500408236,0.00354587511421,0.00335008028045,0.00344429499739,16990950.8037143,0.0
2019-11-20,0.00344429499739,0.00345387215983,0.00337376276191,0.0034116395561,16139720.5980654,0.0
2019-11-21,0.00340582509946,0.00341964221956,0.00327872396091,0.00332289346728,4049909.76567171,0.0
2019-11-22,0.00332289346728,0.00334911575711,0.00297196762796,0.00310032896146,14398275.1828574,0.0
2019-11-23,0.00309968335964,0.00314995698242,0.00300155755871,0.00314953437695,14472663.6990041,0.0
2019-11-24,0.00314953437695,0.00315222052614,0.00295533001405,0.00295533001405,12127604.9299672,0.0
2019-11-25,0.00295512504672,0.00301150328617,0.00268248628343,0.00294770274551,14113091.1514108,0.0
2019-11-26,0.00294708823653,0.00309282288129,0.00294469085041,0.00305151653019,14137931.5351211,0.0
2019-11-27,0.00302514442966,0.00310316310159,0.00292384139827,0.00307736864126,14039493.3868844,0.0
2019-11-28,0.0030766743955,0.00312591007831,0.00302787698015,0.00303451721144,14227800.5099085,0.0
2019-11-29,0.00303479654109,0.00320017592504,0.00303225229996,0.00318976475656,15183280.8666891,0.0
2019-11-30,0.00318842667531,0.00324335293683,0.00309742088401,0.00312073419677,3431566.08075672,0.0
2019-12-01,0.00312090634583,0.00312892387669,0.00301424225881,0.00309511265305,3094110.59248115,0.0
2019-12-02,0.00309722683698,0.00311146102923,0.00296531387641,0.0030045037811,3006295.74045167,0.0
2019-12-03,0.0030045037811,0.00310808094915,0.00299004190173,0.00305964253553,2289364.75137247,0.0
2019-12-04,0.00305989405234,0.00316668186077,0.00301590706244,0.00306694476204,10980757.8741064,0.0
2019-12-05,0.00306354298808,0.00316387985892,0.00304899249879,0.00314179148333,15093323.5743049,0.0
2019-12-06,0.00314179148333,0.00321797870499,0.003120365847,0.00321784763036,19156740.6480353,0.0
2019-12-07,0.00322039664354,0.00325051844276,0.00319865967537,0.00322894776174,18964916.9955651,0.0
2019-12-08,0.00322962840169,0.00325983298961,0.00319493554767,0.00322752837512,19146847.9794866,0.0
2019-12-09,0.00322642635929,0.00323975038509,0.00310586685912,0.00311881192449,18657629.2668572,0.0
2019-12-10,0.00311954526357,0.00312484142913,0.00303759687994,0.0030427192387,16922911.8680549,0.0
2019-12-11,0.0030422719861,0.00306520637103,0.00300903414059,0.00301377047707,3497969.58194583,0.0
2019-12-12,0.00301455727317,0.00304922460954,0.0029916401885,0.0030349173731,3976376.37407566,0.0
2019-12-13,0.00303497475404,0.00304188325251,0.00300101844292,0.00302622928672,3288811.49824486,0.0
2019-12-14,0.00302677979181,0.00304543447909,0.00298360900726,0.00298743387923,3254367.60213303,0.0
2019-12-15,0.00298489650621,0.00300788105095,0.00285048468007,0.00298103652669,3490373.77978225,0.0
2019-12-16,0.00298045473853,0.00299701576211,0.00288192181048,0.0029012599869,3714707.96477421,0.0
2019-12-17,0.0029012599869,0.00291891119294,0.0027550976229,0.0027830339186,14094262.9526584,0.0
2019-12-18,0.0027830339186,0.00310160326827,0.00277256830467,0.00307851789137,25600109.2368976,0.0
2019-12-19,0.00307851789137,0.00312152029297,0.00296411202454,0.00304030661452,25361819.649652,0.0
2019-12-20,0.00304030661452,0.00305937634297,0.00301215931314,0.00305039505169,24799377.3926971,0.0
2019-12-21,0.00305039505169,0.00305246971326,0.0029788220485,0.00301330703305,15546264.1245525,0.0
2019-12-22,0.00301343538215,0.00313931727431,0.00300308032104,0.00313042581104,3139847.30041876,0.0
2019-12-23,0.00313133854775,0.00321427126456,0.00311205337244,0.00311510512709,4149887.78909958,0.0
2019-12-24,0.00311498494088,0.00321300900602,0.00307412383635,0.00308162684893,3534494.72440755,0.0
2019-12-25,0.00308052472732,0.00308663360798,0.00302969840943,0.00306334282812,3321696.89315615,0.0
2019-12-26,0.00306334282812,0.00310033776822,0.00302395525149,0.00303402546008,24770581.8850495,0.0
2019-12-27,0.00303477612231,0.00311652099315,0.00301589172346,0.0030787587404,25931833.3399406,0.0
2019-12-28,0.00307894017297,0.00313109453874,0.00305972849801,0.00310292597547,25894583.1001198,0.0
2019-12-29,0.00310337233273,0.00326338554962,0.00309512518659,0.00321334880456,28789833.0625553,0.0
2019-12-30,0.00321334880456,0.00325304169929,0.0031649078071,0.00318273715426,3854051.98258053,0.0
2019-12-31,0.00318736503908,0.003209559783,0.00311516585642,0.00312482272964,3507195.61350879,0.0
2020-01-01,0.00312482272964,0.00319789570576,0.00312025459702,0.00315262633261,2988800.59721276,0.0
2020-01-02,0.00315399070371,0.00317184334449,0.00304338220105,0.00307097362394,3548178.11414802,0.0
2020-01-03,0.00307027401219,0.00323850315344,0.00303440881458,0.00321459363806,11509404.4604486,0.0
2020-01-04,0.00321505270799,0.00324116621164,0.00318074497098,0.00320615686696,15184608.8596909,0.0
2020-01-05,0.00320428284364,0.00325649823652,0.00310344459699,0.00312609272022,19056351.2188008,0.0
2020-01-06,0.00312609272022,0.00325773218381,0.00311139809196,0.0032534194639,18247874.9296898,0.0
2020-01-07,0.00325279998128,0.00342085450923,0.0032518749199,0.00341549552478,21190904.619432,0.0
2020-01-08,0.00341648041635,0.00352880553343,0.00334523505959,0.00339730863652,21482275.9488973,0.0
2020-01-09,0.00339143565414,0.00339896290268,0.0032913940291,0.0033091478395,18440419.8194856,31268406.0889215
2020-01-10,0.00331078684624,0.00344488443127,0.00325605013811,0.00344474563909,4121972.41859682,32549680.6852795
2020-01-11,0.00344732020603,0.00347193648114,0.00337980660201,0.00339820070949,3662117.22624915,32109873.8737673
2020-01-12,0.00339824716891,0.00350257254501,0.0033912086113,0.0034548035774,3736122.64754206,32644718.9594057
2020-01-13,0.00346317933624,0.0034806673666,0.00341225690904,0.00346529659827,3436764.5058482,32743868.3638978
2020-01-14,0.00346452661429,0.00379892691464,0.00345964784704,0.00378149309122,4249622.0879021,35731634.6484489
2020-01-15,0.00375798344513,0.0038539570162,0.00370766546663,0.00378711677888,3899214.85257276,35784773.3288582
2020-01-16,0.00378745937121,0.00382054406006,0.00369789057389,0.00377140460977,17674104.1779196,35636307.7697179
2020-01-17,0.00377058386444,0.00389140754049,0.00373477462066,0.00387597529059,31779295.7269383,36624404.6065666
2020-01-18,0.00387533759561,0.00390028666035,0.00378964007291,0.00384002341998,34971510.0377364,36284692.4678488
2020-01-19,0.00384034195542,0.00395581693446,0.00370277226595,0.00373738527015,27505168.2272123,35314856.2729253
2020-01-20,0.00373681629557,0.00375041745616,0.00367061505247,0.00371799769767,19502778.769227,35131661.5295093
2020-01-21,0.00371616253076,0.00375367716771,0.00366431806735,0.00374808721487,30585146.9941521,35415979.815806
2020-01-22,0.00376000845438,0.00379590631927,0.0037290259567,0.00375030807342,28813219.8885677,35436964.88821
2020-01-23,0.00374909090268,0.00375775400503,0.00360429537502,0.0036238747756,29858431.111088,34242286.411713
2020-01-24,0.0036275060103,0.00369977297868,0.00355945077098,0.00367359919873,32996699.6281492,34712136.5152372
2020-01-25,0.00367313942398,0.00367314798467,0.00359958298626,0.0036385561296,4112491.34317222,34381011.7153478
2020-01-26,0.0036375814865,0.00374752996866,0.00361366053907,0.00373196586657,3506535.20098532,35263647.889342
2020-01-27,0.00373698852759,0.00390629217444,0.00373281114972,0.00385820220078,4679019.6327349,36456465.2407274
2020-01-28,0.00385897014999,0.00393715741001,0.00377647258773,0.0039320472794,4765555.96979444,37154233.3725698
2020-01-29,0.00393443457012,0.00395814030747,0.00388735897561,0.00390902754216,4923793.24448501,36936718.0100077
2020-01-30,0.00390741208031,0.00404835426921,0.00387381270004,0.00401180651399,4530874.44492094,37907884.8434206
2020-01-31,0.00401414991213,0.00401908445874,0.00388833876442,0.00393181042626,4513800.71359827,37151995.3280568
2020-02-01,0.00393282404688,0.00399447042168,0.00392784306259,0.00398383402416,4283503.34186997,37643570.5202942
2020-02-02,0.00398239451353,0.00403074110195,0.00391575523101,0.00398418829673,11172620.7930419,37646918.0705162
2020-02-03,0.00398418829673,0.00405770965878,0.00390735128796,0.00392526026318,21604642.9470912,37090102.306328
2020-02-04,0.00392390023561,0.00394973493944,0.00379873561497,0.00386160897825,23345648.7144086,36488656.1571062
2020-02-05,0.00386070058994,0.00406668253815,0.00382283741663,0.00403324924231,23782538.849311,38110498.9209063
2020-02-06,0.00403317244069,0.00408285646427,0.0039546851145,0.00405759045268,24544062.1799913,38340500.9901581
2020-02-07,0.00405628253996,0.00410067463841,0.00404784263002,0.00409829091442,24667732.0611717,38725082.9512605
2020-02-08,0.00410030738634,0.00410899392862,0.00402236224338,0.00410094439246,21652462.0401558,38750155.8802824
2020-02-09,0.00409999927685,0.004238344838,0.0040977636024,0.00422987646752,3363507.68201946,39968445.5054061
2020-02-10,0.00422891517527,0.00424829003768,0.00410378101043,0.00419466421711,4235354.02276057,39635722.0978926
2020-02-11,0.00419654345929,0.00429290396357,0.00407252869422,0.00428138566357,3739098.88499679,40455160.0728788
2020-02-12,0.00428211083774,0.00436642033463,0.00426327678186,0.00433773588521,4035882.49648171,40987617.883439
2020-02-13,0.00433811050038,0.00439116375437,0.00423587746049,0.00429983404705,3077585.71682988,40629480.3433276
2020-02-14,0.00429334906995,0.00433231034202,0.00424560965064,0.00433231034202,4070646.67150574,40936351.4861832
2020-02-15,0.00433231034202,0.0043410053897,0.00410750647619,0.00412716456802,18750834.3999311,38997912.4438746
2020-02-16,0.00412716456802,0.0041570858819,0.00391891988606,0.00413394564607,34434172.1706989,39061987.3998669
2020-02-17,0.00413153635623,0.00415185543821,0.00396927248467,0.00413005671542,34087314.6827444,39025240.5790195
2020-02-18,0.00412652023652,0.00432396159562,0.00409896683655,0.004317415734,34712242.1152709,40795611.1280326
2020-02-19,0.00431398677486,0.00438119318788,0.00407940215024,0.0041229146948,21090596.5669442,38957755.0474346
2020-02-20,0.00412173055997,0.00413928954053,0.00403194549853,0.00412545105411,31671440.5451553,38981721.3120861
2020-02-21,0.00412464805699,0.00412464805699,0.00402461494128,0.00404461292322,31634963.1425483,38217875.2626694
2020-02-22,0.00404456908153,0.00406624165241,0.00400646576519,0.00403002659798,32687272.4311901,38080047.8934884
2020-02-23,0.00403002659798,0.00416953418889,0.00402687816917,0.00416669880438,38268795.2548733,39371474.6468575
2020-02-24,0.00417228272893,0.00418023838009,0.00400308114912,0.00404338271361,3816797.73632333,38206250.9123757
2020-02-25,0.00404337738907,0.00405284509902,0.0038865895545,0.00396091998345,4229692.61578799,37427053.892809
2020-02-26,0.00396207113235,0.00396207113235,0.00359839875271,0.00364686163271,2929094.1975755,34459491.0872623
2020-02-27,0.0036509148376,0.00368049243783,0.00354357420654,0.00360553691491,3626050.41640255,34069010.480063
2020-02-28,0.00360756961264,0.00366113168413,0.00346080287096,0.00357466551766,3048546.21845545,33777304.1458149
2020-02-29,0.00357149557645,0.00363424509374,0.00351211249117,0.00352909099696,2783377.38764464,33346666.8066349
2020-03-01,0.00352909099696,0.00354501833739,0.00335642293651,0.00341697795052,2829241.28035379,32287301.5458547
2020-03-02,0.00341982370519,0.00355821117906,0.00339458009855,0.0035329828781,3991913.30195389,33383441.5069014
2020-03-03,0.00353045132428,0.00360709303518,0.00347632591847,0.00350335006518,9892025.0051147,33103438.656355
2020-03-04,0.00350265456193,0.00352380454713,0.00342792851636,0.00345106439816,20183895.2169494,32609387.1517663
2020-03-05,0.0034511380086,0.00360070611555,0.0034511380086,0.00355632851803,22835965.5043888,33604036.3503906
2020-03-06,0.00355632851803,0.0036092893139,0.00353446314573,0.003564074216,22081739.167331,33677226.078174
2020-03-07,0.00357169717763,0.0035793623987,0.00345201400594,0.0034597879018,23352830.2035337,32691816.244561
2020-03-08,0.0034597879018,0.00346032896585,0.00299408716042,0.00302696631291,17462945.9363328,28602049.9778748
2020-03-09,0.00302358435166,0.00305470821181,0.00285958133755,0.00299603000847,17360003.8172293,28309730.3303287
2020-03-10,0.00299762604199,0.00310530170794,0.00295792633332,0.00300757683851,3700739.75575569,28418837.2630625
2020-03-11,0.00300702066313,0.00302640243568,0.00282550335696,0.00298249628102,3311607.02605249,28181849.0429616
2020-03-12,0.00298058671363,0.00298296608781,0.00173141401773,0.00177144601734,1535632.69508755,16738536.9652022
2020-03-13,0.00171088966231,0.00203687379949,0.00132706684672,0.00196095466052,303141.20656411,18529219.4912534
2020-03-14,0.00196268044947,0.00198460718854,0.00178520483052,0.00179622938284,50147.0621351262,16972716.994107
2020-03-15,0.00179622938284,0.00200081242875,0.00179511392302,0.00190243246376,63409.8894770458,17976238.5117805
2020-03-16,0.00190282486153,0.00190282486153,0.00160493208893,0.00172024943944,8411008.60208771,16254776.3519616
2020-03-17,0.00172075676746,0.00183076181495,0.00168726085133,0.00179509955788,17756013.225225,16962041.1865057
2020-03-18,0.0017878970474,0.00183040480581,0.00176248095672,0.00179327425979,20331544.5853768,16944793.7969421
2020-03-19,0.00179327425979,0.00220882058579,0.00179327425979,0.00212706444197,18553780.5913768,20098804.2767145
2020-03-20,0.00212660066883,0.00224336205058,0.00189075326915,0.00202837164949,12329458.2594508,19166248.0830993
2020-03-21,0.00203143123166,0.00213947844882,0.00199660621715,0.00208808820899,20466017.1548703,19730514.6928864
2020-03-22,0.00209110589836,0.00214101633993,0.00196337021151,0.00197439543376,19780687.0216025,18656222.4467578
2020-03-23,0.00197439543376,0.00211472845379,0.00192932724351,0.00209126048392,20847483.7105962,19760489.7757621
2020-03-24,0.00209108163304,0.00222988692058,0.00207876053827,0.00221898180849,24628621.4589013,20967338.9213939
2020-03-25,0.00221862931082,0.00221862931082,0.00213769103037,0.00218931385281,1466184.17643807,20687004.0040604
2020-03-26,0.00218931385281,0.00221571705837,0.00216288841149,0.002195595055,1866623.02603133,20746355.5925447
2020-03-27,0.00219589705795,0.00221621638014,0.00212998530959,0.00213066014911,1927975.57152925,20132780.4048549
2020-03-28,0.00212805495564,0.00214991591483,0.00203800222536,0.00213150228532,1360141.18889137,20140737.8181449
2020-03-29,0.00213176771237,0.00214264892261,0.00204372246453,0.00204803654598,1429473.46578654,19352063.2835585
2020-03-30,0.00204703112089,0.00221427467496,0.00203479423566,0.00220338338095,1729467.8161912,20819948.1155654
2020-03-31,0.00219771639238,0.00220444026449,0.0021529594723,0.00217765473112,1826435.44639832,20576836.0184264
2020-04-01,0.00217765473112,0.00219520749121,0.00210388964085,0.00219520749121,5153069.87027137,20742693.4708871
2020-04-02,0.00219451307716,0.00235383921214,0.00217268875201,0.00223596403949,4679306.62785338,21127805.398251
2020-04-03,0.00223658299034,0.0022525215191,0.00217966395755,0.00219215685211,13407221.450828,20713867.7348257
2020-04-04,0.00219215685211,0.00223404378587,0.00216877690685,0.00222107137404,16683375.1356618,20987083.3956017
2020-04-05,0.00222229653549,0.00222661822539,0.00218268372375,0.00221306289863,17324844.711574,20911410.6624938
2020-04-06,0.00221275648793,0.00244767008618,0.00221001158277,0.00244252268377,17598029.2353752,23079594.7663259
2020-04-07,0.00244900074371,0.00250088449739,0.00232087210425,0.00234859424112,15098528.2135022,22192057.3003286
2020-04-08,0.00235069146334,0.00245047489219,0.00231340936537,0.00244591893612,15420305.803471,23111686.229993
2020-04-09,0.00244576732166,0.00244956168282,0.00238035775865,0.00242284735529,2373254.70112082,22893680.9931478
2020-04-10,0.00242413381145,0.00242413381145,0.00218456472898,0.00221568486101,2098188.90029431,20936185.7974905
2020-04-11,0.00221568486101,0.00224800800742,0.00217729188467,0.00221236869298,1857615.53400098,20904851.0570527
2020-04-12,0.00221159021489,0.00230049419573,0.00220397708928,0.00225976001277,2142218.82203679,21352655.4780566
2020-04-13,0.00226469188439,0.00226469188439,0.00214590554436,0.00222917071936,2744126.83522288,21063614.7658527
2020-04-14,0.00222944641666,0.00224312581175,0.00218716404698,0.00220101823756,4123718.59298897,20797599.6840163
2020-04-15,0.00219991861169,0.00222826268877,0.0021811435871,0.00219050200487,12602105.9703225,20698230.9491561
2020-04-16,0.00219048431409,0.00237635097912,0.00215253003235,0.00236685692361,21817297.1946219,22364622.8670748
2020-04-17,0.00236711740242,0.00238709107337,0.00232055980261,0.00237334877277,25591810.4276533,22425964.8758482
2020-04-18,0.00237334877277,0.00249628601954,0.00237193216151,0.00248867944978,23961456.8496536,23515733.7886218
2020-04-19,0.00249098640681,0.00249499504446,0.0023854521993,0.0023960403479,15814734.6034532,22640379.4080407
2020-04-20,0.00239571152648,0.00244655450709,0.00229639139065,0.00235817669927,25965602.9787228,22282602.7238929
2020-04-21,0.0023582640092,0.00237202660407,0.00231772838167,0.00231968609737,23564977.9240452,21918901.9074923
2020-04-22,0.00231963794436,0.00241100105593,0.00231646617057,0.00236144822809,22924763.4273848,22313515.6648181
2020-04-23,0.00236099087527,0.00244625997325,0.00233515852433,0.00238916883153,25607104.1599766,22575449.8930341
2020-04-24,0.00239148165233,0.00243658268211,0.00238857369063,0.00240513479883,2377817.07821835,22726313.611838
2020-04-25,0.00240455696616,0.00241072559713,0.00230482479138,0.00230713313129,2494798.60917162,21800287.9137854
2020-04-26,0.00230639726898,0.0023592934624,0.00227011346879,0.00232657643251,1618222.93700459,21984009.2425816
2020-04-27,0.00232725642607,0.00234628650698,0.00226376022007,0.00228082625376,2247607.43553654,21551712.0962529
2020-04-28,0.00229140505874,0.00230905411784,0.00224206325972,0.00230905411784,2030506.9532848,21818439.4713615
2020-04-29,0.00230974523413,0.00248407409488,0.00229056594618,0.00242851419785,2450069.13874541,22947227.4477042
2020-04-30,0.00242744372726,0.00249702924276,0.00237973345649,0.00238285024939,2304138.71544011,22515745.0983732
2020-05-01,0.00238285024939,0.00242406210343,0.00236033992506,0.00241368081929,2487650.44381373,22807065.6516827
2020-05-02,0.00241552607686,0.0024326395685,0.00239658080422,0.00242279342362,11619574.4263709,22893171.3884277
2020-05-03,0.0024243624384,0.00245369844855,0.00232625853018,0.00233256897431,15493544.568431,22040633.2556495
2020-05-04,0.002336253134,0.00240228032805,0.00225405385874,0.00234954702571,23166752.7852447,22201060.2391275
2020-05-05,0.00234954702571,0.0023780322938,0.00229560533114,0.00234349371883,19752388.2411524,22143862.0518947
2020-05-06,0.00234072145897,0.00238516517831,0.00228652421118,0.00228652421118,18002513.7595931,21605552.5576428
2020-05-07,0.00228652421118,0.00235467402657,0.00221699652883,0.00224504482102,23403943.5814605,21213610.43878
2020-05-08,0.00224350499862,0.00257155648812,0.0021911510932,0.00251146298172,18860321.9396809,23731017.2281635
2020-05-09,0.00251387273146,0.00253747251754,0.00249186848366,0.00251849772741,1852960.93418557,23797489.1102419
2020-05-10,0.00251788108667,0.00252187079121,0.0022076760354,0.00226597818348,1604255.05532104,21411411.4769786
2020-05-11,0.00226725236375,0.00230116662478,0.00219576168923,0.00225806291193,1702178.79803713,21336619.4346966
2020-05-12,0.0022573939586,0.00229100390561,0.00225379945498,0.00228269749875,1928549.46851773,21569393.6417979
2020-05-13,0.00228269749875,0.00243375046955,0.00227681822487,0.00241994119021,2186350.91081539,22866220.4038087
2020-05-14,0.00241990013327,0.00253120989827,0.00239357790104,0.00251756571766,1685972.76123422,23788682.4745897
2020-05-15,0.00251824829705,0.00256036367725,0.00247556518827,0.00251769989462,16932319.3422568,23789950.3235576
2020-05-16,0.00251519156546,0.00256565697698,0.00249895188606,0.00252611781777,29965927.9556664,23869491.96154
2020-05-17,0.00252586913769,0.00258691914988,0.0025182071466,0.00257185957532,31712579.9260252,24301709.5352675
2020-05-18,0.00256996232482,0.00264910077281,0.00253608643538,0.0025773470194,31946367.4596035,24353560.839049
2020-05-19,0.00257579669662,0.00261446994903,0.00254256619061,0.0026120265242,20389475.1807076,24681250.2901232
2020-05-20,0.00261267015611,0.00264998864823,0.00249429876338,0.00252780436487,34588946.3471577,23885428.2817555
2020-05-21,0.00252792633861,0.00252873797596,0.00237337118562,0.00241378631305,28432586.346916,22808062.4707695
2020-05-22,0.00241195612047,0.00243830442272,0.00238455426234,0.00242054510411,28556671.8610137,22871926.8351874
2020-05-23,0.00241792321818,0.00243542979955,0.00239386751802,0.00241730806971,33299443.0501086,22841339.8348319
2020-05-24,0.00241578822681,0.00242100860195,0.00237840370512,0.00238050494746,2296633.90733692,22493584.1503875
2020-05-25,0.00238105296163,0.0024168254877,0.00236526408998,0.00240827484163,2562580.41079737,22755984.1307054
2020-05-26,0.00240834719726,0.00241418557609,0.00237001458392,0.00238367738431,2891251.22575063,22523560.7632583
2020-05-27,0.00238367738431,0.00242943680667,0.0023690512442,0.00242928247104,2286601.61424375,22954486.9233327
2020-05-28,0.00242940244345,0.00244939911381,0.00237051150389,0.00244861098236,2904437.36040148,23137123.593062
2020-05-29,0.00244872304022,0.00248080537538,0.00241297277927,0.00243945176894,2354742.0312023,23050577.4432487
2020-05-30,0.00244008981145,0.0025947206644,0.00242105704604,0.00259429520291,2170689.70133576,24513705.5984141
2020-05-31,0.00259429520291,0.00259845829524,0.00249586487192,0.0024968303461,1636357.82551426,23592752.2684492
2020-06-01,0.00249674023336,0.00259817646701,0.00249385797642,0.00259777729672,2425147.06633816,24546608.1849927
2020-06-02,0.00259594972316,0.00264214943625,0.00248716243768,0.00249025159119,1780291.97078965,23530589.0802017
2020-06-03,0.00249025159119,0.00255287437269,0.00249025159119,0.00254514654198,685145.355480084,24049295.9185739
2020-06-04,0.00254498780718,0.00257194170135,0.00253171955732,0.00256265166513,2725900.40319746,24214703.2457284
2020-06-05,0.00256265166513,0.00264299908634,0.00254466571512,0.00261332582799,2881285.01600368,24693527.5169227
2020-06-06,0.00261332582799,0.00261724971136,0.00256812908208,0.00257553181147,2619058.00802945,24336408.7922248
2020-06-07,0.00257553181147,0.00264263122506,0.00255265680545,0.00258593178008,2240380.33763135,24434678.9383718
2020-06-08,0.00258516971018,0.00261672004095,0.00257394646635,0.00260223624177,2896062.17383735,24588741.1180963
2020-06-09,0.00260652732191,0.00262101902565,0.0025336412709,0.00256026234946,1997156.29455961,24192126.4083468
2020-06-10,0.00256050432577,0.00261300339544,0.00254016927058,0.00260997695939,3205466.6235055,24661883.786149
2020-06-11,0.00260997695939,0.00261807288501,0.00240227629289,0.00242427234799,2316029.6195897,22907145.864643
2020-06-12,0.00242493333885,0.00249939575646,0.0021941214734,0.00222385980066,2684228.02010092,21013431.4646914
2020-06-13,0.00222501825925,0.002237485034,0.0021292036625,0.00220673842363,1549081.73975015,20851650.1857213
2020-06-14,0.0022069667348,0.00222079425309,0.00185652988745,0.00212444535206,2100722.62701438,20074056.2839196
2020-06-15,0.00212444535206,0.00213554030248,0.00195189497264,0.00205497482391,3001890.9891178,19417623.6339555
2020-06-16,0.00205506388319,0.00213524834829,0.00205506388319,0.00205606320167,1166708.48681363,19427907.8036053
2020-06-17,0.00205900333355,0.00207215183317,0.00199055739394,0.00202661052618,1372098.69035155,19149607.0862322
2020-06-18,0.00202661052618,0.00207288971581,0.00198900636155,0.00204198877036,1791338.44038419,19294917.3616497
2020-06-19,0.00204229536914,0.00204229536914,0.00191281326336,0.00198983834763,2103623.31096711,18802143.7913165
2020-06-20,0.00198983834763,0.00200342941732,0.00192209852485,0.00194549138355,1960856.10288749,18383105.7341127
2020-06-21,0.00194478890932,0.00195285468646,0.00164977683774,0.00189702770184,932647.693871647,17925168.478429
2020-06-22,0.00189596806072,0.00196921156079,0.00161710029149,0.00196157408039,2352891.03817056,18535072.4397991
2020-06-23,0.00196089244739,0.00198948528105,0.00189916736992,0.00191263454152,2096855.01642017,18072638.7712499
2020-06-24,0.00191283698096,0.00192911009689,0.0018482796255,0.00185669120735,2137937.39961079,17544025.6733654
2020-06-25,0.00185572866942,0.00188282902977,0.00184573734355,0.00187018951305,1908692.16402644,17671572.2577465
2020-06-26,0.00187016015977,0.00191373501094,0.00184751044467,0.00190089318576,1301627.99665864,17961693.7492247
2020-06-27,0.00190094562648,0.00191840302127,0.00182564545788,0.0018623085938,912389.396918275,17597104.8131308
2020-06-28,0.0018623085938,0.00192344379596,0.00184709200814,0.00191027225072,863863.178774287,18050317.2940548
2020-06-29,0.00191027225072,0.00202808901717,0.00190252576112,0.00201876594555,2036380.84020979,19075483.0081816
2020-06-30,0.00201730833052,0.00203162308321,0.00199138780187,0.00201874102645,1905665.91118531,19075247.5455864
2020-07-01,0.00201871460571,0.00204738222935,0.001996646112,0.00202908817313,1558748.11838722,19173018.5730364
2020-07-02,0.00202819240431,0.00205785696853,0.0019968661818,0.00204535451241,1857892.88663761,19326720.5310196
2020-07-03,0.0020444931481,0.00206225108489,0.00201073089496,0.00203656905889,1232104.19213659,19243706.0687887
2020-07-04,0.00203558682469,0.00209012606072,0.00202141677794,0.0020768599825,824847.073703534,19624418.2709143
2020-07-05,0.00207739620666,0.00209606614758,0.00200516865339,0.00201783944914,1616582.2750696,19066728.4685258
2020-07-06,0.00201783944914,0.00208903874222,0.00201591841871,0.00208092207366,2221411.01890041,19662801.2994527
2020-07-07,0.00208039976526,0.00208683777909,0.00200989791903,0.00201979825962,2614315.86277611,19085237.4274816
2020-07-08,0.00201897761901,0.00217322439147,0.00199430499118,0.00214657778431,2438781.82585942,20283187.4297294
2020-07-09,0.00214721906145,0.00219201372356,0.00206282714356,0.0021339736179,2006653.83762543,20164089.6399553
2020-07-10,0.00213263528641,0.00213937734805,0.00208866655212,0.00213937734805,2492531.66243423,20215149.9240285
2020-07-11,0.00213937284784,0.00215201669122,0.002064816279,0.00214262065519,1957102.83338404,20245796.1960125
2020-07-12,0.00214215733055,0.00223628897706,0.00214054344255,0.00223470772122,2199014.38300236,21115934.3451133
2020-07-13,0.00223470772122,0.00224125149326,0.0021418025153,0.00216979223595,2326818.88688245,20502542.6644356
2020-07-14,0.00217014823167,0.00217664475848,0.00202816208201,0.00214130565003,2511911.93885049,20233370.6056955
2020-07-15,0.00214188546418,0.00222013631445,0.00213496034544,0.00220425264618,2603372.76675046,20828161.8731638
2020-07-16,0.00220467845604,0.00225971966719,0.00219921000387,0.00222939178009,2472712.72367374,21065703.5866039
2020-07-17,0.00222955864598,0.0022926252003,0.00222347266963,0.00227240812504,2245653.10019705,21472168.515823
2020-07-18,0.00227153276646,0.0023156916677,0.00224667166794,0.00230459166019,1609735.29737988,21776273.3474159
2020-07-19,0.00230361589375,0.00235906284287,0.00228567967837,0.00235672312059,2048292.07319985,22268867.7411563
2020-07-20,0.00235668785412,0.00236553935441,0.00227796252604,0.00228830079331,2716868.33538502,21622339.6261527
2020-07-21,0.00228805537947,0.00231538880626,0.00227030740279,0.00229004507849,2788349.14947445,21638821.5181649
2020-07-22,0.00229112422635,0.00232056134928,0.00222979078327,0.00231800533631,2272473.76356835,21903020.2600376
2020-07-23,0.00231796057096,0.00234540422184,0.00223291269819,0.00233394814286,2929655.1641876,22053665.131038
2020-07-24,0.00233288277359,0.00236443494089,0.00227782233607,0.00234846433361,2597595.8188403,22190829.7937397
2020-07-25,0.0023504988674,0.0024421732765,0.0022949761588,0.00242450590526,2833687.5946528,22909352.7662133
2020-07-26,0.00242245622015,0.00250679451079,0.00238749620747,0.00243952080927,2432835.24298318,23051229.8109215
2020-07-27,0.00243918867309,0.00264360747253,0.0024297279248,0.00256456313747,2813277.08465219,24232764.9027633
2020-07-28,0.00256340607427,0.00260971640195,0.0024971684458,0.00252856430076,2585140.93549434,23892608.9775608
2020-07-29,0.00252829187968,0.00256826273775,0.00247041840557,0.00247568949994,2671986.7871569,23392990.699956
2020-07-30,0.00247541365569,0.00255965238994,0.00243859714926,0.00254597500416,2753216.73372868,24057124.1248463
2020-07-31,0.00254461990232,0.00267184751924,0.00252462979856,0.0026279672843,2501032.43170862,24831875.8240516
2020-08-01,0.0026279672843,0.00264051526046,0.00253393230532,0.00253393230532,3697301.37972841,23943331.6876391
2020-08-02,0.00253745845764,0.00265625083304,0.00228922247655,0.00236873408927,2351302.90773878,22382360.3575104
2020-08-03,0.00236785969613,0.00253542573124,0.00236195861665,0.00250406064695,2779973.86671566,23661071.967081
2020-08-04,0.00250404800559,0.00252806950666,0.00242306692856,0.00246033161051,3062740.74990219,23247872.7582207
2020-08-05,0.00245871665013,0.00250494643351,0.00245003677988,0.00249404409184,3279412.47562524,23566424.7261651
2020-08-06,0.00249404409184,0.00258206107449,0.0024919192537,0.00254071434148,2890982.51726334,24007415.6968905
2020-08-07,0.00254071434148,0.00260049248559,0.000802889056265,0.00176251692585,890444.615078469,16654165.2561532
2020-08-08,0.00176279771352,0.00262455833691,0.00176115386736,0.00260377028446,885608.226485159,24603236.4117838
2020-08-09,0.00260747088016,0.00263769697023,0.00249784413344,0.00256811985964,2324186.21855785,24266372.6587631
2020-08-10,0.00256911922874,0.00262213736568,0.00248889251105,0.00254303721293,3174861.63812761,24029364.6974531
2020-08-11,0.00254166755415,0.00259731900411,0.00243246333327,0.00248346478992,2646863.61193811,23466460.0450399
2020-08-12,0.00248316050053,0.00252105223547,0.00239681074564,0.00248915540133,3562659.49076336,23520231.093386
2020-08-13,0.00248846232699,0.00257200124129,0.00240520463653,0.0025451277122,3498641.9275594,24049117.9944568
2020-08-14,0.00254718148522,0.00259840737719,0.0024508743722,0.00250584637335,3279170.0634222,23677945.4405392
2020-08-15,0.00250942819503,0.00259361298176,0.00248210390537,0.00253068663711,3169087.7890813,23912663.1057133
2020-08-16,0.00253180704433,0.0025675266639,0.00249769652266,0.00254755337242,2407251.71798071,24072038.2544366
2020-08-17,0.00254755337242,0.00260748432348,0.00249468726175,0.00260248340546,3501857.23513204,24591076.5878318
2020-08-18,0.00260479393108,0.00261516438184,0.00246626144583,0.00252139675099,3650962.98531102,23824882.2189688
2020-08-19,0.00252139675099,0.00254171696921,0.0023884010303,0.0024708323029,3329773.35318589,23347094.6515269
2020-08-20,0.00247019089096,0.00248985276982,0.00238306627707,0.00240397033074,2985021.51279767,22715310.458494
2020-08-21,0.00240314879747,0.00255330961372,0.00238263659457,0.00244964234509,2620142.6207479,23146869.0230732
2020-08-22,0.00244811487225,0.00245250326178,0.00234454921646,0.00240819447853,2918167.76940721,22755224.7732613
2020-08-23,0.00240777692972,0.00244211274477,0.00233565176322,0.0023693123494,2772783.13804563,22387824.3843375
2020-08-24,0.0023693123494,0.00253575035903,0.00234523874575,0.00252206686676,2914416.34874396,23831214.1971817
2020-08-25,0.00252419408312,0.00255432285092,0.00242595261018,0.00245307441731,3037441.96890667,23179298.9515945
2020-08-26,0.00245370217024,0.00251711209466,0.00240101063158,0.00249963622036,3152964.75664272,23619265.2017031
2020-08-27,0.00249914965982,0.00260369729087,0.00236135103673,0.00243418583097,2622610.65815433,23000819.1686502
2020-08-28,0.00242278971652,0.00244686652093,0.00230421624238,0.0023610892044,2537537.4867447,22310123.2208782
2020-08-29,0.00236160448107,0.00237032398093,0.00228650265274,0.0023502205804,2807555.45218174,22207424.7119741
2020-08-30,0.00234955768429,0.0024598835974,0.0021872924667,0.00240556179442,3221023.34985921,22730348.327769
2020-08-31,0.00241161530855,0.0025271552166,0.00234254226366,0.00240347874052,3194668.81422826,22710665.3826697
2020-09-01,0.00240311916145,0.00249922235052,0.0022943496979,0.00249258251579,3641441.23022416,23552614.1756313
2020-09-02,0.00249041069166,0.00249041069166,0.00227791084909,0.00230221715327,3086140.07552298,21753836.439113
2020-09-03,0.0023023256049,0.00231834498643,0.00210925580906,0.00211850848269,2852973.60504815,20017958.3241542
2020-09-04,0.00211541619294,0.00231376782914,0.00206335853118,0.00213459155974,2661376.19110317,20169928.6224757
2020-09-05,0.00213517034529,0.0022125636738,0.00200987763088,0.0021284394508,2708545.82837919,20111796.8465717
2020-09-06,0.0021284394508,0.00220641728615,0.0020378745314,0.00218735186886,2116635.66584483,20668465.0587295
2020-09-07,0.00218842956093,0.00225547207581,0.00210719141794,0.00221402085201,2996911.39363558,20920462.4416082
2020-09-08,0.00221357467876,0.00221992768863,0.00209365886638,0.00213524860441,2948786.88783116,20176137.0908055
2020-09-09,0.00213594140172,0.00227580164633,0.00209614534831,0.00222601201607,2586056.3548661,21033767.9225031
2020-09-10,0.00222830791954,0.00229181402856,0.00221234988358,0.00225575630894,2900864.83370078,21314824.1561308
2020-09-11,0.00225591019277,0.00232695484548,0.00220567523808,0.0022619934041,2083866.40540694,21373758.9737144
2020-09-12,0.00225857658872,0.00231155257965,0.00224606342841,0.002279297149,2639031.53954353,21537263.4614662
2020-09-13,0.00228010744052,0.0023440620793,0.00224784312127,0.0022728903469,2462161.02783931,21476725.0692545
2020-09-14,0.00225765499505,0.00228439869547,0.00217897979226,0.0022557927065,2956889.50460227,21315168.0796247
2020-09-15,0.00225604323498,0.00227615950501,0.00222835281514,0.00224547880065,3597557.62013189,21217711.147471
2020-09-16,0.00224763000589,0.0022508048435,0.00217761486803,0.00223226747251,3983758.96863487,21092876.2373094
2020-09-17,0.00220978312708,0.00222189487418,0.00209654076985,0.00215643661354,2822775.3782817,20376344.306024
2020-09-18,0.00215643661354,0.00216405365309,0.00194700976633,0.00209134105797,3291695.66988733,19761251.1264898
2020-09-19,0.00209275292687,0.0021586496904,0.00209275292687,0.00213209984586,2149011.43571837,20146384.21611
2020-09-20,0.00213635120362,0.00225849987749,0.00209574298904,0.00221792579299,2284563.6275636,20957360.5453612
2020-09-21,0.00221903707754,0.00224562149967,0.0020534343196,0.00205818934625,2629228.62251855,19447997.9160317
2020-09-22,0.00205373787664,0.00212137372121,0.00204830021564,0.00211266002843,1755492.18855275,19962695.8059278
2020-09-23,0.00210913,0.00215928,0.00205561,0.00205654,2011870.40016092,19432396.12021466
2020-09-24,0.00205695,0.00215707,0.00202927,0.00215366,2197212.82070867,20350113.16392608
2020-09-25,0.00215001,0.00227066,0.00212091,0.00225011,2776076.97916304,21261480.73388413
2020-09-26,0.00225187,0.00239164,0.00223382,0.00238632,2806711.56831114,22548564.12351563
2020-09-27,0.00238413,0.00240101,0.0023151,0.00238232,2428639.28970744,22510699.1581368
2020-09-28,0.00238226,0.00250793,0.00233612,0.00245954,3237048.86831769,23240423.2241542
2020-09-29,0.00245885,0.00257172,0.002455,0.00256928,3055176.68758535,24277318.9898692
2020-09-30,0.00256944,0.00257232,0.00250621,0.00252108,3097884.26042114,23821922.65084876
2020-10-01,0.00252025,0.00253502,0.00248721,0.00249677,2861968.93785868,23592227.71632224
2020-10-02,0.00249556,0.00250186,0.00241337,0.00241989,2768862.17521365,22865766.84999786
2020-10-03,0.00242014,0.00243768,0.0023554,0.00237658,2135571.52725502,22456481.77526676
2020-10-04,0.00237579,0.00240539,0.00235078,0.00239835,2327603.40377421,22662210.90304422
2020-10-05,0.00239855,0.00240876,0.00235302,0.00235729,2555274.56789196,22274260.28861456
2020-10-06,0.00235758,0.00249165,0.00234908,0.00238699,2871863.67636637,22554895.79434991
2020-10-07,0.0023876,0.00240062,0.00235498,0.00237511,2581131.19776418,22442586.27900632
2020-10-08,0.00237379,0.00249421,0.00234233,0.0024756,2598249.22128637,23392129.55634962
2020-10-09,0.00248471,0.00251833,0.0024202,0.00249988,3180377.14072517,23621582.40438065
2020-10-10,0.00249988,0.00260213,0.00247814,0.00257495,2991849.04700066,24330941.33849952
2020-10-11,0.00257751,0.00259762,0.00253325,0.0025344,2406281.06904611,23947715.14127636
2020-10-12,0.0025333,0.00255796,0.00251643,0.00252696,3438269.14712389,23877454.00620251
2020-10-13,0.00252728,0.00252854,0.00243896,0.00248854,3127650.69874889,23514456.13415345
2020-10-14,0.0024888,0.00255297,0.00246743,0.00250431,2944080.78869591,23663456.96502514
2020-10-15,0.00250534,0.00252267,0.00244486,0.00250714,3336231.44780745,23690153.14033898
2020-10-16,0.00250926,0.00251157,0.00239678,0.00241145,3397199.55103113,22785949.70487635
2020-10-17,0.00240897,0.00244083,0.00235169,0.00235171,2647466.94883852,22221459.48390937
2020-10-18,0.00235119,0.00237982,0.00231636,0.00237265,2634950.6303559,22419334.929936
2020-10-19,0.00237207,0.00239275,0.00232195,0.00238545,3079753.03543591,22540339.41641671
2020-10-20,0.00238545,0.00238551,0.00232826,0.00233091,2639539.4317056,22024964.80043981
2020-10-21,0.00233085,0.00242342,0.00232711,0.0023996,2971197.95442444,22673995.22476796
2020-10-22,0.00240083,0.00242943,0.00233757,0.00236583,3338744.83829647,22354879.81917695
2020-10-23,0.00236614,0.00245648,0.00229791,0.00237267,2754459.41710669,22419559.10654881
2020-10-24,0.00237269,0.00241127,0.00232086,0.00235112,2107630.33778698,22215960.32691083
2020-10-25,0.00235109,0.00238432,0.00230762,0.00232409,1676105.19266341,21960529.86346876
2020-10-26,0.00232415,0.00238632,0.00227598,0.00227759,625954.55256573,21521090.87926316
2020-10-27,0.00227762,0.00236354,0.00226545,0.00232926,2058348.44996275,22009370.05080246
2020-10-28,0.0023294,0.00234608,0.00223589,0.00224875,2174629.64943811,21248621.41789695
2020-10-29,0.00224873,0.0022526,0.00219856,0.00221018,2674322.28005478,20884180.6165583
2020-10-30,0.00221005,0.00229999,0.00212195,0.00213888,2616341.33236806,20210434.44650305
2020-10-31,0.00213844,0.00218069,0.00211863,0.00213483,2859971.49808287,20172211.57941579
2020-11-01,0.00213483,0.00218056,0.00212797,0.00215436,2522158.95100402,20356736.9400608
2020-11-02,0.00215494,0.00218211,0.00211937,0.00215239,2712081.307636,20338086.45569852
2020-11-03,0.00215235,0.00215848,0.00209103,0.002123,2759754.26630231,20060405.16083225
2020-11-04,0.00212324,0.00213536,0.00209767,0.00211254,3055461.95184036,19961599.5106955
2020-11-05,0.00211255,0.00216905,0.00209214,0.00209232,3402936.57886386,19770546.45094335
2020-11-06,0.00209234,0.00218687,0.00209234,0.00216907,3564639.04326214,20495731.85876585
2020-11-07,0.0021692,0.00219611,0.00210656,0.00211297,2604510.43593417,19965587.90638092
2020-11-08,0.00211279,0.00213474,0.00209388,0.00213362,1017782.68588959,20160788.36594613
2020-11-09,0.00213356,0.00214455,0.00209892,0.00212085,2355031.97208602,20040060.21103692
2020-11-10,0.00212083,0.00213474,0.00208721,0.00211717,2956793.77176568,20005318.42886836
2020-11-11,0.00211717,0.00213254,0.00208179,0.00212567,3044478.63958639,20085642.90960768
2020-11-12,0.00212572,0.00213314,0.00209174,0.00210889,3147442.17993856,19927044.45361257
2020-11-13,0.00210885,0.00215577,0.0020816,0.00213661,3017041.65011905,20189023.49041017
2020-11-14,0.00213665,0.00214248,0.00207519,0.00213482,2811314.77736264,20172105.58236499
2020-11-15,0.00213479,0.00215199,0.00207122,0.00209562,2478041.95408473,19801704.92765662
2020-11-16,0.00209558,0.0021298,0.00208457,0.00209125,3107284.64881703,19760405.20743179
2020-11-17,0.00211795,0.00218185,0.00209319,0.00215693,2742542.92245725,20380987.99500668
2020-11-18,0.00215681,0.00216248,0.00205434,0.00211064,2798486.5972208,19943618.83918288
2020-11-19,0.00211061,0.0021171,0.00205715,0.00210902,3063831.78128174,19928265.0720104
2020-11-20,0.00210912,0.00213578,0.00208829,0.00209084,2765097.97516108,19756560.03090065
2020-11-21,0.00209082,0.00215745,0.00205658,0.00215463,2087653.92642303,20359234.46437073
2020-11-22,0.00215465,0.00217384,0.00211336,0.00214587,2609074.37379979,20276501.58569953
2020-11-23,0.00214583,0.00219898,0.00211479,0.00218726,2923369.11085887,20667623.56288077
2020-11-24,0.00218717,0.00219307,0.0020705,0.00214186,1636394.15330698,20238607.39355714
2020-11-25,0.0021419,0.00218855,0.00207349,0.00209535,2984946.11858816,19799164.57378056
2020-11-26,0.00209527,0.00209889,0.00198937,0.0020757,599585.1561195,19613419.9359403
2020-11-27,0.00207605,0.00211964,0.00201013,0.00203811,2309428.4945354,19258294.23560382
2020-11-28,0.00203815,0.00209577,0.00200525,0.00207976,2405261.3903208,19651808.14673263
2020-11-29,0.00207977,0.00210177,0.00204192,0.0020497,2516941.8857865,19367793.25852206
2020-11-30,0.00204968,0.00217348,0.00204901,0.00216144,3123471.32419027,20423592.63577907
2020-12-01,0.00216142,0.00216582,0.00201664,0.00205314,1573504.42635708,19400283.87773493
2020-12-02,0.00205314,0.00209727,0.00201776,0.00205639,1702475.58751401,19431031.11381123
2020-12-03,0.00205625,0.00208096,0.00204357,0.00205848,2212821.10920256,19450705.55615495
2020-12-04,0.00205846,0.00207015,0.00200044,0.00201735,1887493.40483296,19062114.46572099
2020-12-05,0.00201729,0.00205532,0.00199911,0.00204095,2279682.5242044,19285112.27344797
2020-12-06,0.00204097,0.00204537,0.00200552,0.0020367,2353844.33329592,19244985.47483319
2020-12-07,0.00203681,0.00204919,0.00200371,0.00200978,2148148.48543916,18990592.88919179
2020-12-08,0.00200984,0.0020166,0.00195682,0.00196136,2077791.71817977,18533010.29720536
2020-12-09,0.00196133,0.00198857,0.00182147,0.00190587,1806072.68154948,18008687.58990394
2020-12-10,0.00190582,0.00196442,0.00190069,0.00191681,1891889.67650891,18112124.45359067
2020-12-11,0.00191691,0.00199026,0.00189876,0.00192056,1525818.65162973,18147499.02550306
2020-12-12,0.00192059,0.00197651,0.00191989,0.00194145,1795142.61968182,18344917.99474013
2020-12-13,0.00194137,0.00200743,0.0018817,0.00200429,1659958.42004239,18938710.43160118
2020-12-14,0.00200428,0.00209027,0.00198798,0.00205855,1541917.69626603,19451440.44718796
2020-12-15,0.00205857,0.00213902,0.00204863,0.00210301,1143681.03141081,19871504.05718911
2020-12-16,0.00210291,0.00220838,0.00208904,0.0022049,1057083.43281893,20834233.97141115
2020-12-17,0.00220471,0.00230801,0.00217296,0.00220832,676809.9538407,20866623.07073679
2020-12-18,0.00220806,0.00223292,0.00217306,0.00218668,659560.67804046,20662081.57574916
2020-12-19,0.00218695,0.00222125,0.00216646,0.00219266,495059.10712034,20718630.13044016
2020-12-20,0.00219256,0.00223779,0.00213974,0.00216538,378231.42928271,20460896.03962631
2020-12-21,0.00216037,0.00218938,0.0020639,0.0020996,325660.50538112,19839288.24569443
2020-12-22,0.00209788,0.00213723,0.00202683,0.00213208,417401.97956472,20146201.72071655
2020-12-23,0.00213247,0.0021494,0.00170407,0.00188307,440667.98221688,17793299.01365018
2020-12-24,0.00188249,0.00227462,0.001835,0.00223739,478458.9577194,21141269.73691246
2020-12-25,0.00223707,0.00224236,0.00205034,0.0021426,299087.6854859,20245574.997939
2020-12-26,0.00214252,0.00215574,0.00202276,0.00205939,330807.62267624,19459304.53001473
2020-12-27,0.00205941,0.0021153,0.00194827,0.00196566,437243.49828711,18573711.3059861
2020-12-28,0.0019653,0.00205696,0.0019653,0.00200079,668846.42911555,18905659.0220907
2020-12-29,0.00200072,0.00201062,0.00189189,0.0019473,1416189.65110911,18400152.11186365
2020-12-30,0.00194725,0.00204054,0.00186,0.00201902,1776629.15194233,19077888.55532571
2020-12-31,0.00201901,0.0020288,0.00191048,0.0019671,1713542.85310981,18587317.82374152
2021-01-01,0.00196705,0.00197613,0.00187557,0.00190408,1589972.66370063,17991837.77316507
2021-01-02,0.00190414,0.00199074,0.00183632,0.00193315,1875436.29616429,18266532.49698891
2021-01-03,0.00193355,0.00206821,0.00192613,0.00204717,2146554.75555773,19343845.97168835
2021-01-04,0.00204976,0.00204976,0.0017914,0.00185653,2210726.4026117,17542548.87214407
2021-01-05,0.00185661,0.00191033,0.00179485,0.00189569,2223688.57978624,17912499.75409137
2021-01-06,0.00189572,0.00200947,0.0018725,0.00199754,2046201.72292659,18874885.00939755
2021-01-07,0.00199733,0.00200446,0.00188554,0.00196433,2387018.04611302,18561085.97815951
2021-01-08,0.00196448,0.00199033,0.0018325,0.00188965,2256769.49196621,17855496.11540535
2021-01-09,0.00188961,0.00198846,0.00184645,0.00196087,1878474.6052406,18528411.74752218
2021-01-10,0.00196092,0.0019993,0.00179947,0.00186675,1761264.2986007,17639086.45293485
2021-01-11,0.00186657,0.00186657,0.00150712,0.00168121,1573522.62458632,15885914.59471701
2021-01-12,0.00168103,0.00173378,0.00152121,0.00155409,320857.28586451,14684688.40151813
2021-01-13,0.00155456,0.00174138,0.00151804,0.00172987,322021.72484496,16345713.25407133
2021-01-14,0.00172995,0.00175793,0.00163655,0.00172765,323229.87305099,16324670.8787548
2021-01-15,0.00172769,0.00175936,0.00159746,0.00170053,33953.53454587,16068415.74799387
2021-01-16,0.00170155,0.00175576,0.00160138,0.00174313,170847.66134829,16471004.15949735
2021-01-17,0.00174246,0.0017933,0.00154482,0.00170668,200292.13491188,16126516.43396456
2021-01-18,0.00170524,0.00170524,0.00157785,0.00165506,101138.81738994,15638808.35269364
2021-01-19,0.00165456,0.00171654,0.00151181,0.00170174,55536.0396715,16079874.0459959
2021-01-20,0.00170147,0.00170876,0.00151375,0.00170876,62339.8514822,16146195.71934028
2021-01-21,0.00170877,0.0017263,0.00149017,0.00151212,26883.45328803,14288162.51785481
2021-01-22,0.00151219,0.00164925,0.00140796,0.00159287,30350.97095869,15051137.06813377
2021-01-23,0.00159277,0.00166382,0.00155903,0.00156208,4478.40180091,14760200.08061475
2021-01-24,0.00156228,0.0016581,0.00155648,0.00161443,10105.67829501,15254893.08180302
2021-01-25,0.00161439,0.00168131,0.00150305,0.00150553,617029.89834632,14225875.0433878
2021-01-26,0.00150558,0.00155861,0.00139153,0.00150314,2145657.94290223,14203336.12781409
2021-01-27,0.00150325,0.00150358,0.00135732,0.00139188,2239700.07661565,13151992.21535741
2021-01-28,0.0013919,0.00167973,0.00135637,0.00164029,2508571.47,15499231.27
2021-01-29,0.00164535,0.0016708,0.00149756,0.00155679,2036434.21,14710219.14
2021-01-30,0.00155675,0.00157637,0.0014921,0.00150613,1219251.59,14231507.94
2021-01-31,0.00150618,0.00153549,0.00143454,0.00148742,1756801.1,14054707.1
2021-02-01,0.00148741,0.00158319,0.00148238,0.00158319,2262441.0,14959665.71
2021-02-02,0.00158326,0.00158642,0.00149724,0.00153592,2366898.02,14513048.46
2021-02-03,0.00153594,0.0015841,0.00148866,0.00157358,2365136.8,14868873.26
2021-02-04,0.00157358,0.00157597,0.00148832,0.00151909,1926094.92,14353972.64
2021-02-05,0.00151911,0.00152997,0.00148678,0.00150814,149446.79,14250496.15
2021-02-06,0.00150931,0.00155526,0.00149538,0.0015153,2568062.57,14318167.5
2021-02-07,0.00151536,0.00153095,0.00143926,0.00150657,2275642.76,14235699.59
2021-02-08,0.00150597,0.00161583,0.00149707,0.00158106,2730630.77,14939606.39
2021-02-09,0.0015812,0.00173202,0.00156039,0.00168487,3124829.62,15920449.12
2021-02-10,0.00168495,0.00175929,0.00160332,0.00175021,2644791.19,16537904.48
2021-02-11,0.00175018,0.00181928,0.00171238,0.00179634,2805556.06,16973717.83
2021-02-12,0.00179632,0.00192949,0.00173248,0.00192673,3009715.52,18205840.83
2021-02-13,0.00192664,0.00216616,0.00189621,0.00216187,2852178.21,20427670.01
2021-02-14,0.0021619,0.00232197,0.00215004,0.00219304,3301797.33,20722219.26
2021-02-15,0.002193,0.00225793,0.0019914,0.00202537,1386273.53,19137868.61
2021-02-16,0.00202557,0.00219611,0.00200951,0.00212341,1126106.18,20064267.69
2021-02-17,0.00212254,0.00226685,0.00208133,0.00221074,2001845.58,20889461.97
2021-02-18,0.00221077,0.00224053,0.00210966,0.00220008,2194370.79,20788751.34
2021-02-19,0.00219994,0.00277699,0.00214434,0.00271249,3916105.55,25630509.42
2021-02-20,0.00271239,0.0072239,0.00271239,0.00628404,5414559.66,59378375.35
2021-02-21,0.00628365,0.00651963,0.00421586,0.00603707,4588255.35,57044773.61
2021-02-22,0.00603718,0.00604185,0.00414285,0.005029,3433256.2,47519451.78
2021-02-23,0.00502842,0.00516589,0.00383759,0.00456491,2345673.7,43134159.13
2021-02-24,0.00456534,0.00498533,0.00272471,0.00430852,258154.47,40711542.92
2021-02-25,0.00430889,0.00525272,0.00383348,0.00461584,2691147.73,43615467.64
2021-02-26,0.00461247,0.00492512,0.00383433,0.00407049,2623494.21,38462385.67
2021-02-27,0.004072,0.00420317,0.00368794,0.00379211,2180534.58,35831974.8
2021-02-28,0.00379077,0.00379077,0.0033053,0.00354533,1979333.47,33500128.61
2021-03-01,0.00354587,0.00432178,0.00354587,0.0041715,2792581.09,39416887.44
2021-03-02,0.00417147,0.00443958,0.00405227,0.00417072,1756924.67,39409424.09
2021-03-03,0.00417078,0.00447932,0.0040839,0.00431265,1980147.13,40750557.64
2021-03-04,0.00431242,0.00440155,0.00374663,0.00402095,2828262.47,37994293.99
2021-03-05,0.00402099,0.0040373,0.00375416,0.00396144,2500445.94,37432002.34
2021-03-06,0.00396145,0.00408067,0.00387157,0.00403718,2103514.87,38147604.45
2021-03-07,0.00403691,0.00409697,0.00368181,0.0038685,2110705.43,36553768.37
2021-03-08,0.00386855,0.00390177,0.0036819,0.00381023,3111718.4,36003132.74
2021-03-09,0.00381021,0.00429904,0.00370655,0.00418027,3374284.68,39499746.34
2021-03-10,0.00418039,0.0042971,0.00400654,0.00401896,3980435.6,37975471.76
2021-03-11,0.00401871,0.00480388,0.00392568,0.00445983,3720342.18,42141304.2
2021-03-12,0.00446076,0.0045664,0.00378693,0.00402291,4449794.16,38012816.31
2021-03-13,0.00402413,0.00438285,0.00389993,0.00431891,1822357.83,40809771.15
2021-03-14,0.00431872,0.00443243,0.00400005,0.00431171,5050596.8,40741654.09
2021-03-15,0.00431095,0.00449987,0.00391508,0.00418113,5031091.95,39507861.2
2021-03-16,0.00418113,0.00418113,0.00391796,0.00412334,5318063.87,38961748.58
2021-03-17,0.00412345,0.00473652,0.00406049,0.00450458,5945932.63,42564115.37
2021-03-18,0.00450479,0.00472402,0.00412876,0.00429379,2528496.75,40572383.88
2021-03-19,0.00429344,0.0046225,0.00424172,0.00430741,59158.38,40701076.04
2021-03-20,0.00430709,0.00436632,0.00411706,0.00413715,70854.04,39092304.57
2021-03-21,0.00413655,0.00427448,0.0039221,0.00401495,59140.9,37937553.29
2021-03-22,0.00401535,0.00423712,0.00391714,0.00391818,60878.45,37023153.66
2021-03-23,0.00391837,0.00406546,0.00387535,0.00397281,27622.44,37539403.14
2021-03-24,0.00397324,0.00397324,0.00354518,0.00362678,81852.77,34269695.58
2021-03-25,0.00362686,0.00362686,0.00340919,0.00345399,37666.39,32637030.05
2021-03-26,0.00345375,0.00372325,0.00343749,0.00370464,34298.66,35005445.28
2021-03-27,0.00370434,0.00397199,0.00369637,0.00383217,57077.19,36210514.44
2021-03-28,0.00383231,0.00402849,0.00365648,0.00402849,56282.63,38065534.88
2021-03-29,0.00402816,0.00429599,0.00390339,0.00421458,96952.68,39823870.31
2021-03-30,0.00421438,0.00497766,0.00411712,0.00491997,170294.74,46489198.42
2021-03-31,0.00492029,0.00500482,0.00447499,0.00456436,111513.7,43129040.63
2021-04-01,0.00456408,0.00781797,0.00431404,0.00546965,734162.68,51683143.25
2021-04-02,0.00546897,0.0058432,0.00502924,0.00516569,299068.89,48811013.4
2021-04-03,0.00516802,0.00537273,0.00480783,0.00486412,179484.89,45961479.93
2021-04-04,0.0048636,0.00522569,0.00484892,0.00500712,65409.77,47312726.94
2021-04-05,0.00500755,0.00534069,0.0049646,0.00518094,128064.75,48955094.77
2021-04-06,0.00518257,0.00532036,0.0049221,0.00492659,153224.38,46551782.96
2021-04-07,0.00492674,0.00507868,0.00447627,0.0046123,197293.99,43581959.92
2021-04-08,0.00461129,0.00466108,0.00445032,0.00459615,58164.63,43429356.92
2021-04-09,0.00459612,0.00461885,0.00427213,0.00433211,75514.78,40934421.89
2021-04-10,0.0043322,0.00443877,0.00409293,0.00434103,112451.92,41018706.65
2021-04-11,0.00434137,0.00454638,0.004279,0.00448521,98622.08,42381070.24
2021-04-12,0.00448468,0.00480709,0.00439402,0.0045565,164194.85,43054782.68
2021-04-13,0.00455646,0.00471055,0.00438664,0.00455418,182689.78,43032819.34
2021-04-14,0.00455323,0.00476211,0.00424996,0.00443807,187767.06,41935660.72
2021-04-15,0.00443861,0.00448519,0.0041478,0.00421088,115545.03,39788962.2
2021-04-16,0.00421004,0.00436293,0.0040032,0.00425653,226092.77,40220270.13
2021-04-17,0.00425591,0.00428219,0.00400832,0.0041291,112547.08,39016180.1
2021-04-18,0.00412976,0.00415972,0.00367142,0.00389687,183897.22,36821829.65
2021-04-19,0.00389584,0.00390128,0.00369891,0.00381229,68441.61,36022614.93
2021-04-20,0.00381346,0.00381346,0.00352551,0.00367448,104760.9,34720492.47
2021-04-21,0.00367419,0.00397671,0.00359574,0.00370017,49300.44,34963248.56
2021-04-22,0.00369984,0.00379958,0.00329064,0.00334204,96164.77,31579191.89
2021-04-23,0.00334226,0.0033947,0.00300226,0.00325611,160438.52,30767250.85
2021-04-24,0.00325651,0.00325651,0.00306596,0.00310765,23968.66,29364399.58
2021-04-25,0.00310699,0.00321603,0.00295292,0.00303429,25917.04,28671266.04
2021-04-26,0.00303388,0.00326037,0.00300793,0.00326009,43945.11,30804872.33
2021-04-27,0.00325956,0.00347822,0.00325769,0.00347822,80451.76,32865940.66
2021-04-28,0.00347802,0.00347802,0.00318944,0.00322118,118007.83,30437233.69
2021-04-29,0.00322101,0.00328047,0.00307367,0.00316802,58562.65,29934919.23
2021-04-30,0.00316799,0.00332159,0.00312042,0.00329702,42046.51,31153841.82
2021-05-01,0.0032975,0.00335194,0.00319173,0.00327702,57913.04,30964865.76
2021-05-02,0.00327679,0.00332355,0.00318691,0.00326742,38186.62,30874152.41
2021-05-03,0.00326748,0.00329596,0.00317817,0.00318689,36714.62,30113215.25
2021-05-04,0.00318761,0.00323705,0.00294639,0.00297483,194334.71,28109401.22
2021-05-05,0.00297427,0.00315205,0.00286634,0.00309386,134515.19,29234150.76
2021-05-06,0.00309367,0.00386071,0.00302708,0.00358075,231668.68,33834761.73
2021-05-07,0.0035803,0.00377045,0.00335628,0.00352533,85622.25,33311096.61
2021-05-08,0.00352647,0.00358648,0.00309363,0.00320963,131283.65,30328094.82
2021-05-09,0.00321064,0.00340436,0.00310647,0.00340333,124272.37,32158320.9
2021-05-10,0.00340311,0.00342671,0.00304102,0.0032079,141274.88,30311711.57
2021-05-11,0.00320754,0.00362805,0.00308519,0.00350189,130222.07,33089666.94
2021-05-12,0.00350158,0.00437985,0.00346931,0.00376462,358538.37,35572209.35
2021-05-13,0.00376226,0.00563827,0.00361403,0.00539825,1290484.78,51008461.13
2021-05-14,0.00539869,0.00651268,0.00509415,0.00540822,609428.8,51102742.92
2021-05-15,0.00540897,0.00551115,0.00451879,0.00471743,194526.11,44575391.6
2021-05-16,0.00471594,0.00506046,0.00436353,0.0044325,183728.3,41883070.25
2021-05-17,0.00443257,0.00447298,0.00379472,0.00387329,121863.87,36599053.05
2021-05-18,0.00387208,0.0039282,0.00366843,0.00376024,44853.77,35530781.69
2021-05-19,0.00376041,0.00377676,0.00271246,0.00299198,230390.97,28271422.91
2021-05-20,0.00299062,0.00318517,0.0028081,0.00309149,109432.12,29211713.83
2021-05-21,0.0030922,0.00312923,0.00261592,0.00278111,99957.28,26278960.55
2021-05-22,0.00278113,0.00285516,0.00265762,0.00268791,57594.34,25398302.56
2021-05-23,0.00268764,0.00269687,0.00228218,0.00230774,168002.5,21805988.58
2021-05-24,0.0023078,0.00260699,0.00230768,0.00253347,85355.61,23938946.99
2021-05-25,0.00253366,0.00258855,0.00240336,0.00254342,86430.31,24032995.44
2021-05-26,0.00254343,0.00262691,0.00251429,0.0026098,57762.91,24660218.43
2021-05-27,0.00261001,0.00269894,0.00248894,0.00260246,37116.71,24590871.38
2021-05-28,0.00260251,0.00265426,0.00248754,0.00256577,47488.52,24244144.17
2021-05-29,0.00256551,0.00260716,0.00243671,0.00248657,31244.35,23495800.5
2021-05-30,0.00248662,0.00256676,0.00241355,0.00256357,17589.38,24223417.46
2021-05-31,0.00256385,0.00256882,0.00245472,0.00256882,21449.06,24273026.26
2021-06-01,0.00256874,0.00259612,0.0024452,0.00248116,27396.04,23444700.65
2021-06-02,0.00248147,0.00256134,0.00245498,0.00251092,12508.26,23725845.44
2021-06-03,0.00251096,0.00258008,0.00247326,0.00255219,17044.26,24115876.7
2021-06-04,0.00255246,0.00255714,0.00242658,0.0024289,42574.59,22950837.13
2021-06-05,0.00242856,0.00251318,0.00241664,0.00241783,22814.54,22846241.07
2021-06-06,0.00241736,0.002486,0.0023507,0.00235231,18216.57,22227211.81
2021-06-07,0.00235233,0.00247823,0.00231879,0.00235352,22737.96,22238607.13
2021-06-08,0.0023532,0.00239527,0.00222561,0.00237497,57445.19,22441290.22
2021-06-09,0.00237489,0.00240456,0.00232648,0.00237024,29160.92,22396559.33
2021-06-10,0.00237033,0.00239537,0.00230659,0.00235213,14499.25,22225426.83
2021-06-11,0.00235207,0.00239124,0.00226476,0.00233423,13198.13,22056341.01
2021-06-12,0.00233444,0.00233444,0.00225352,0.00225352,17747.84,21293678.69
2021-06-13,0.00225352,0.00230577,0.0022009,0.00228001,12425.69,21543959.82
2021-06-14,0.00228016,0.00388507,0.00203763,0.00230022,30978.97,21734958.46
2021-06-15,0.00226064,0.0022847,0.00214517,0.00227738,75864.02,21519152.32
2021-06-16,0.00222672,0.00227361,0.002199,0.00221653,4475.82,20944136.2
2021-06-17,0.00221635,0.00225036,0.00219099,0.00219634,0.0,20753352.83
2021-06-18,0.00219646,0.00219671,0.00217364,0.00218174,0.0,20615481.85
2021-06-19,0.00218181,0.00223106,0.00213548,0.00216825,8523.74,20487956.53
2021-06-20,0.00216802,0.0022025,0.00208226,0.00219907,30957.55,20779227.86
2021-06-21,0.00219897,0.00220103,0.00190205,0.00190537,49707.42,18003993.49
2021-06-22,0.00190519,0.00202666,0.00160256,0.00167245,41935.73,15803155.88
2021-06-23,0.00167242,0.0017032,0.00162894,0.00164701,30664.17,15562699.34
2021-06-24,0.00166102,0.00169728,0.00161532,0.00162914,13514.83,15393908.86
2021-06-25,0.0016293,0.00167227,0.00156634,0.00158807,13447.19,15005829.53
2021-06-26,0.00158796,0.00159543,0.00154081,0.00157117,7474.85,14846120.71
2021-06-27,0.00157101,0.00159996,0.00153783,0.00158921,10281.18,15016608.63
2021-06-28,0.00158913,0.00163861,0.00156148,0.00158307,27314.84,14958510.14
2021-06-29,0.00158276,0.00162708,0.00156408,0.00158675,22055.07,14993361.77
2021-06-30,0.00158638,0.00161188,0.00153309,0.00160582,6802.06,15173518.7
2021-07-01,0.00160582,0.00162471,0.00153276,0.00156508,10521.23,14788581.69
2021-07-02,0.00156504,0.00156527,0.00151304,0.00156317,7247.91,14770513.1
2021-07-03,0.00156308,0.00158815,0.00154575,0.00156202,7913.54,14759674.57
2021-07-04,0.00156193,0.00157992,0.00154661,0.00156404,10288.18,14778749.31
2021-07-05,0.00156419,0.00156425,0.0015005,0.00153242,4023.09,14480001.3
2021-07-06,0.00153233,0.00154018,0.00145331,0.00150278,18279.88,14199924.37
2021-07-07,0.0015028,0.00153847,0.00147947,0.00153231,5476.19,14478915.42
2021-07-08,0.00153243,0.00153328,0.0014632,0.00147996,9410.96,13984262.4
2021-07-09,0.00147993,0.00154469,0.00146916,0.00153553,15301.39,14509380.65
2021-07-10,0.00153541,0.00154467,0.00146919,0.00149034,8529.17,14082311.08
2021-07-11,0.00149021,0.00152144,0.00146298,0.00151043,6955.58,14272184.17
2021-07-12,0.00151036,0.00154076,0.00146021,0.00146044,7109.71,13799856.73
2021-07-13,0.0014604,0.0014957,0.00144441,0.00144586,8777.17,13662046.83
2021-07-14,0.00144566,0.00149357,0.00144133,0.00148395,7402.46,14021938.05
2021-07-15,0.00148406,0.00148449,0.0014113,0.00144408,11498.74,13645273.67
2021-07-16,0.00144452,0.00149467,0.00141856,0.00147056,36460.26,13895453.84
2021-07-17,0.00147052,0.00155126,0.00144547,0.00154089,116780.63,14560028.47
2021-07-18,0.00154085,0.00156301,0.00152234,0.00153599,81490.6,14513731.62
2021-07-19,0.00153595,0.00156058,0.00150475,0.0015062,5495.84,14232168.07
2021-07-20,0.00150614,0.00160078,0.0014788,0.00152544,151322.15,14413982.07
2021-07-21,0.00152545,0.00159165,0.00150526,0.00155447,8868.09,14688318.41
2021-07-22,0.0015546,0.00158592,0.0015275,0.00157187,1786.17,14852726.88
2021-07-23,0.00157187,0.0015925,0.00152844,0.00159242,9614.09,15046880.05
2021-07-24,0.00159248,0.00161202,0.00156459,0.00158205,8554.7,14948919.04
2021-07-25,0.00158205,0.0017649,0.00151197,0.00156206,3802.33,14759990.59
2021-07-26,0.00156204,0.00163525,0.00156092,0.00161377,20093.62,15248612.44
2021-07-27,0.00161368,0.00162398,0.00155731,0.00160367,4214.57,15153235.6
2021-07-28,0.00160347,0.0016339,0.0015709,0.00159923,12507.37,15111231.82
2021-07-29,0.00159928,0.00162429,0.00157038,0.00162346,3655.08,15340171.32
2021-07-30,0.00162334,0.0016297,0.0015765,0.00162867,6352.09,15389476.76
2021-07-31,0.00162852,0.00164505,0.00159975,0.00163478,9359.8,15447194.64
2021-08-01,0.00163451,0.00169975,0.00163241,0.00164843,59668.16,15576150.54
2021-08-02,0.00164847,0.00169035,0.0016431,0.00165202,28932.83,15610052.67
2021-08-03,0.00165202,0.00165242,0.00161111,0.0016435,26874.84,15529531.12
2021-08-04,0.00164364,0.00170287,0.00162533,0.00169886,46695.81,16052676.67
2021-08-05,0.00169882,0.0017129,0.00167397,0.00168156,29330.68,15889216.11
2021-08-06,0.00168153,0.00168255,0.00166604,0.00167086,11640.97,15788121.57
2021-08-07,0.00167077,0.00169889,0.00167075,0.00168811,11742.82,15951132.05
2021-08-08,0.00168835,0.0017075,0.0016861,0.00169345,13576.25,16001589.15
2021-08-09,0.00169326,0.00169838,0.00167996,0.00168728,14720.48,15943286.73
2021-08-10,0.00168724,0.00169606,0.00167958,0.00168815,17837.22,15951460.25
2021-08-11,0.00168817,0.00170298,0.00168672,0.00169341,14250.48,16001142.96
2021-08-12,0.00169339,0.00172047,0.00168807,0.00168844,20834.69,15954177.04
2021-08-13,0.00168847,0.00170348,0.00168119,0.00168149,23477.19,15888574.71
2021-08-14,0.00168127,0.00170048,0.00167447,0.00169112,29030.22,15979510.35
2021-08-15,0.00169141,0.00170653,0.00168909,0.00169852,26512.22,16049447.91
2021-08-16,0.00169841,0.00173751,0.00165496,0.00165519,37032.44,15639980.18
2021-08-17,0.00165501,0.00175129,0.00164791,0.0016527,51500.49,15616459.96
2021-08-18,0.00165269,0.00168625,0.00159427,0.00160307,33896.37,15147497.46
2021-08-19,0.00160312,0.00162672,0.00159363,0.00162636,18403.84,15367563.69
2021-08-20,0.00162643,0.00167544,0.00162626,0.00167426,9094.12,15820210.19
2021-08-21,0.00167392,0.00173511,0.00167321,0.00172671,8681.85,16315867.96
2021-08-22,0.00172654,0.00178694,0.00168428,0.00170109,13339.5,16073752.6
2021-08-23,0.00170112,0.00171796,0.00169134,0.00170162,14262.32,16078762.74
2021-08-24,0.00170161,0.0017192,0.00167413,0.00168684,9700.09,15939064.27
2021-08-25,0.0016869,0.00185069,0.00165512,0.0017435,24129.45,16474492.67
2021-08-26,0.00174346,0.0017438,0.00166457,0.00169363,22481.25,16003288.21
2021-08-27,0.00169368,0.00174563,0.00169354,0.00172905,7608.26,16337913.34
2021-08-28,0.00172905,0.00182394,0.00172861,0.0018169,7529.33,17168078.56
2021-08-29,0.00181678,0.00183375,0.00180767,0.0018099,5129.75,17101848.26
2021-08-30,0.00180989,0.00181845,0.00179884,0.00181023,4240.93,17104983.97
2021-08-31,0.00181004,0.00181025,0.0015671,0.00176385,8050.65,16666757.56
2021-09-01,0.00176384,0.00183066,0.0016308,0.00180244,9978.66,17031361.0
2021-09-02,0.00180244,0.00189599,0.00180224,0.00189594,5496.55,17914853.4
2021-09-03,0.00189568,0.00193731,0.00182065,0.00190239,0.0,17975880.4
2021-09-04,0.00190254,0.00207365,0.00188333,0.00206339,7333.49,19497130.78
2021-09-05,0.00206299,0.00214345,0.00204521,0.00214324,6770.71,20251674.75
2021-09-06,0.00214326,0.00215986,0.00201796,0.00201805,5016.69,19068733.66
2021-09-07,0.00201827,0.00201937,0.00143687,0.00181307,13818.25,17131799.49
2021-09-08,0.00181349,0.00196478,0.00166707,0.00191023,16272.48,18049925.83
2021-09-09,0.00191002,0.00199078,0.00187429,0.00194664,7498.21,18393913.85
2021-09-10,0.00194666,0.00226375,0.00186887,0.00193702,16805.18,18303050.55
2021-09-11,0.00193686,0.00202169,0.0018177,0.00187423,18843.26,17709730.5
2021-09-12,0.00187457,0.00187477,0.0018257,0.00183733,5145.8,17361109.27
2021-09-13,0.00183715,0.00202304,0.00183025,0.0019325876614,0.0,18261177.42
2021-09-14,0.00193240353484,0.00198709417855,0.00188646072233,0.00198640804944,0.0,18769730.63
2021-09-15,0.00198636354125,0.00201860535949,0.00194952160906,0.00200375004424,0.0,18933596.54
2021-09-16,0.00200381963285,0.00204512354083,0.00195989107024,0.0019642403977,0.0,18560266.69
2021-09-17,0.00196422765392,0.00202955612706,0.00195003427024,0.00199880589524,0.0,18886878.88
2021-09-18,0.00199884729172,0.00213930012835,0.00199279360046,0.00213582638336,0.0,20181596.58
2021-09-19,0.0021358318555,0.0023033939894,0.00210253122799,0.00211502583086,19089.37,19985050.47
2021-09-20,0.00211476821949,0.00211528221803,0.00189835615257,0.00191306305096,20271.72,18076687.8
2021-09-21,0.00191341799159,0.00191368948105,0.00178969820198,0.00179632838593,5975.77,16973652.49
2021-09-22,0.00179649795109,0.00198656172449,0.00177093018427,0.00198540828697,4737.61,18760283.79
2021-09-23,0.00198537750745,0.00207333224132,0.00170268077665,0.00197490778198,10145.14,18661063.67
2021-09-24,0.00197476416491,0.0019752410733,0.001699911445,0.0018230936028,13496.87,17226559.19
2021-09-25,0.00182315140962,0.00182343952737,0.00169095155506,0.00172887222454,8409.43,16336253.75
2021-09-26,0.00172884001509,0.00172898623506,0.00127477973418,0.00161334186472,10693.54,15244598.02
2021-09-27,0.0016134834544,0.00163846455856,0.0015995518808,0.00159989846266,9255.42,15117570.22
2021-09-28,0.00159985895776,0.00160010397228,0.0015170347633968976,0.0015237151794817274,0.0,14397708.21
2021-09-29,0.0015241697986513921,0.0015836916370762567,0.0015213435489690396,0.0015620708004116521,0.0,14760133.58
2021-09-30,0.001562420139438964,0.0015966574117714744,0.001545669991388302,0.0015880414646187164,0.0,15005532.49
2021-10-01,0.0015880447366918736,0.001621433241636359,0.0015737821017509437,0.0016186930246005374,0.0,15295161.56
2021-10-02,0.0016186289824044588,0.0016326127019872336,0.0015982276809116424,0.001620657603346996,0.0,15313725.03
2021-10-03,0.001620640349932619,0.001722230770098603,0.001593988801983397,0.0016037796623021136,6217.45,15154243.99
2021-10-04,0.001603848178545168,0.0016076310432866067,0.0015699964816914388,0.0015784745583167928,6123.92,14915134.02
2021-10-05,0.0015785647025856949,0.001610039921290234,0.001578475411559496,0.0015995314897724088,0.0,15114102.67
2021-10-06,0.0015995993427613607,0.001873338113579132,0.0015995993427613607,0.0016249505270775162,13665.19,15354289.21
2021-10-07,0.0016252259116920802,0.0016429120647133513,0.00159378195845762,0.001608139366420544,12200.28,15195439.19
2021-10-08,0.0016081504406383893,0.0017108807223509231,0.0016078481616940321,0.0016997134800807415,0.0,16060730.41
2021-10-09,0.0016997705052286423,0.0018120959089942188,0.0015639847932513067,0.0017868229481916781,9444.34,16883834.84
2021-10-10,0.0017870927919172606,0.0018162098336728168,0.0017867228647796551,0.0018052504115382102,7476.85,17057957.43
2021-10-11,0.0018050546916437043,0.0018365377650995042,0.0017540058371444992,0.0017544691821781177,0.0,16578121.48
2021-10-12,0.0017546196689938991,0.0019040477293996078,0.0017243249017484025,0.0017361332553929476,0.0,16404863.82
2021-10-13,0.0017358525513170202,0.0018744875295578617,0.0016891408066757067,0.001757945632474486,0.0,16610970.74
2021-10-14,0.0017578593411635673,0.0018043420182660538,0.001734921762695934,0.0017993084071045162,0.0,17001810.95
2021-10-15,0.0017992565376959903,0.0018112288397547757,0.001726584505108733,0.0017929965100103335,0.0,16942169.32
2021-10-16,0.0017928043600238754,0.001935480481890373,0.0017425444528182527,0.0017648654239051252,0.0,16676356.41
2021-10-17,0.0017649425156973926,0.0019584627918350296,0.0017395232488643967,0.0017773731407598847,0.0,16794542.84
2021-10-18,0.0017772218285659659,0.0018404423312660516,0.0017481111802330731,0.0017735071759269916,0.0,16758013.02
2021-10-19,0.0017735388745226943,0.0021336892708087992,0.001484346016117738,0.0020363138865891325,20041.97,19241294.93
2021-10-20,0.0020363493365611646,0.0024252878812820976,0.0018728134993219615,0.0024146824703277607,32399.37,22816530.34
2021-10-21,0.0024144983375977216,0.0024461902325510995,0.002228021488074708,0.002245789995802375,23500.59,21220651.66
2021-10-22,0.002245734365482789,0.002341784409305101,0.002217170045852143,0.002282087488981477,0.0,21563629.62
2021-10-23,0.00228210094783713,0.00232777398419586,0.002279834782734338,0.0022870894868819497,0.0,21610893.9
2021-10-24,0.002287131466343408,0.0023920379868976275,0.0022670546607722877,0.002330264697874618,0.0,22018859.97
2021-10-25,0.00232997369880839,0.0023551266004612176,0.0022585735183727608,0.002258692493245777,0.0,21342568.4
2021-10-26,0.002258723473759656,0.0023249105086587452,0.0022583509471486166,0.002279331498182581,0.0,21537588.03
2021-10-27,0.0022793250358562563,0.0023712908251962836,0.002110963658742144,0.00228789372872826,14869.44,21618493.24
2021-10-28,0.0022879788793911276,0.0023763768536515916,0.002265754592194721,0.00237032844995381,0.0,22397425.61
2021-10-29,0.002370377819341476,0.002371223183750238,0.0023061520853962744,0.002307695641161609,0.0,21805603.12
2021-10-30,0.002307658841689571,0.0023183779607377623,0.0022652641331653866,0.0022837628694265663,0.0,21579460.42
2021-10-31,0.00228391509957122,0.002325686350628098,0.00228391509957122,0.002323749138763938,0.0,21957293.92
2021-11-01,0.00232380105191462,0.0023349331413668874,0.0023133589975220755,0.002334266316933849,0.0,22056671.59
2021-11-02,0.002334124970661611,0.0023353887991531532,0.002298081554067691,0.0023244504313287813,0.0,21963920.49
2021-11-03,0.0023244553583134948,0.0023351692434228403,0.002307506086706566,0.002331136249863987,0.0,22027095.33
2021-11-04,0.0023311031495063775,0.0025251727144874254,0.0023308585915758798,0.0025249028320416755,0.0,23858011.47
2021-11-05,0.0025246930559884744,0.002543587436516163,0.002364631500482119,0.002401436429955115,0.0,22691367.43
2021-11-06,0.0024014572301658647,0.0026031968927779318,0.002345566186018434,0.0026023412242136635,0.0,24589733.11
2021-11-07,0.002602792820418442,0.00280344242366435,0.002568570490708231,0.002780378754249724,0.0,26272024.16
2021-11-08,0.002780461022060863,0.0028774282647319304,0.002687456686880086,0.002838326459651671,0.0,26819576.72
2021-11-09,0.0028382480120506246,0.002839203175149461,0.0025772998263806158,0.002631407353897002,0.0,24864381.33
2021-11-10,0.002631587042979629,0.0026803275565269982,0.0024693738356138697,0.0024992531724942007,0.0,23615645.76
2021-11-11,0.0024994056670705565,0.002597421539094185,0.002497179572294162,0.00256859800548182,0.0,24270890.7
2021-11-12,0.002565431058529973,0.0026678500606483885,0.002406853259470605,0.002467082204830834,0.0,23311659.68
2021-11-13,0.0024700822383746904,0.002621355056436447,0.0024244666517525596,0.0026210502307862436,0.0,24766516.03
2021-11-14,0.0026208693282666175,0.002629356790283168,0.002450681185712632,0.0024926315060027513,0.0,23553077.09
2021-11-15,0.0024931195080764106,0.0026033502933014703,0.002492356468752109,0.0025324624562682563,0.0,23929442.97
2021-11-16,0.0025363522116150375,0.0025363669730887393,0.0023503073804724806,0.0024257677313591014,0.0,22921275.87
2021-11-17,0.0024253350221679682,0.0024489488031132554,0.002352323396139795,0.0024264372995360566,0.0,22927602.67
2021-11-18,0.002426154044284542,0.0024596965729396813,0.002283660192587281,0.0023195346896882725,0.0,21917471.25
2021-11-19,0.002319283881482777,0.002439679037453764,0.002249203507553563,0.002437594671056648,0.0,23033029.58
2021-11-20,0.0024372123760566483,0.002461861551832484,0.002334919977503901,0.0024260325394362924,0.0,22923778.06
2021-11-21,0.002424415556417272,0.0025208501289335668,0.0023893105659589303,0.0024431092576131116,0.0,23085137.36
2021-11-22,0.0024440601507081834,0.002452825105117123,0.0023542284765177227,0.002399014084722712,0.0,22668478.49
2021-11-23,0.002398897881250791,0.0024270585209071687,0.0023215452095444533,0.0023715060357716415,0.0,22408552.71
2021-11-24,0.0023712973877716413,0.0023895638445504954,0.0022636553730195665,0.002386539081428004,1.0,22550601.18
2021-11-25,0.0023127706959580868,0.002427528747819799,0.0023095525704273853,0.0023716284520899824,1.0,22409709.43
2021-11-26,0.0024245254984925704,0.002428430700184421,0.0022556450520588604,0.0022909166210821797,0.0,21647056.8
2021-11-27,0.002291627570405312,0.002335250036386191,0.002273571111568419,0.0023039894762985832,0.0,21770583.27
2021-11-28,0.002304249486871436,0.00231775797755507,0.0022240824994367693,0.0022961984307777426,0.0,21696965.05
2021-11-29,0.002295896713245555,0.002361752478908907,0.002274430131365596,0.0023603702744577626,0.0,22303330.0
2021-11-30,0.002359788448586178,0.0023627751517288197,0.0021874360362023134,0.0021900037321096327,0.0,20693522.73
2021-12-01,0.0021902066896255638,0.002246156681156526,0.0021555321594565456,0.0021692661910741973,0.0,20497572.03
2021-12-02,0.002169126664485219,0.002207170694104447,0.0021270745418227204,0.002135623886407008,0.0,20179683.17
2021-12-03,0.0021375307516758764,0.0023291496018073036,0.0021359206175841933,0.0021386337156216154,0.0,20208123.29
2021-12-04,0.0021385486356439074,0.002179392333363294,0.0018684627476477462,0.0019481585923218094,0.0,18408308.41
2021-12-05,0.0019480936314700214,0.00203991456294238,0.0019122766014587414,0.001945153035796068,0.0,18379908.66
2021-12-06,0.0019453966630872184,0.00197627373778636,0.0018829156988462536,0.0019243961136697035,0.0,18183774.82
2021-12-07,0.0019252530113581605,0.0019362881022375036,0.0018979173637792696,0.0019298092409644077,0.0,18234923.9
2021-12-08,0.0019297338797130146,0.0019675413835864844,0.0019049484747796308,0.0019408855989804547,0.0,18339585.31
2021-12-09,0.0019387990417184032,0.0019694574877869068,0.00186268416073256,0.0018823002567369804,0.0,17786007.66
2021-12-10,0.0018825158092157467,0.0018999382484146793,0.0017758886191113394,0.0018080314723241484,0.0,17084235.9
2021-12-11,0.001807446125729643,0.0019136964886200638,0.0018030425248360877,0.0019009509372161025,0.0,17962239.45
2021-12-12,0.0019005822756354694,0.0019177222716770415,0.0018605731237798285,0.0019054762649048402,0.0,18004999.64
2021-12-13,0.0019062199288285846,0.0019087539043389423,0.001748912505042254,0.0017491747707681386,0.0,16528094.16
2021-12-14,0.00174919919104674,0.0018339939587751696,0.0017417906713652412,0.0017999876667478434,1.0,17008229.33
2021-12-15,0.0018236743347855848,0.001825066844649968,0.001655267246385216,0.0017714899249423744,0.0,16738951.86
2021-12-16,0.0017712181910577247,0.0017883961606258514,0.0017481615333238964,0.0017711947811177254,0.0,16736163.02
2021-12-17,0.0017714817685453514,0.0017738413391119525,0.0016968008718021255,0.0017302718560785564,0.0,16349478.98
2021-12-18,0.0017312112104611115,0.0017336480251938396,0.001683078087720189,0.0017173630994187675,0.0,16227503.1
2021-12-19,0.0017172955014168603,0.0017448768131944294,0.0016808224222121385,0.001724185860453483,0.0,16291971.92
2021-12-20,0.0017236506244260525,0.0017281432744412429,0.0016542294405491632,0.001685539538608832,0.0,15926799.69
2021-12-21,0.0016840687213149762,0.0017141903448498108,0.0016513775813395686,0.0017107977594421637,0.0,16165466.67
2021-12-22,0.0017113807862555305,0.001732081476706327,0.0016981245894638732,0.0017266343434637354,0.0,16315107.83
2021-12-23,0.0017266792775763858,0.0018206153071611002,0.0016856443155606284,0.001819444931602254,0.0,17192082.6
2021-12-24,0.001819437161670541,0.0020593721464311197,0.0017181961867283105,0.001786680940710087,0.0,16882493.0
2021-12-25,0.0017852040866516775,0.0018252889001830002,0.0016975382202691742,0.0017980641014935864,0.0,16990053.4
2021-12-26,0.0017965916350319042,0.001801679734408121,0.001753616300746176,0.0017841808960365922,0.0,16858869.87
2021-12-27,0.001784247006779444,0.0017891534426284713,0.0017282532117807838,0.0017316441807770802,0.0,16362446.19
2021-12-28,0.0017304173606916596,0.0017349053804404297,0.001682150841986963,0.0016916723004559023,0.0,15984748.65
2021-12-29,0.0016900731885258256,0.0017290653160007285,0.0016796329904936221,0.0016798965361642065,0.0,15873478.5
2021-12-30,0.001678901274202082,0.0017114343623142571,0.0016695878545991481,0.001687209618587321,0.0,15942580.41
2021-12-31,0.0016870592049642397,0.0017127223999186553,0.0016750533677043176,0.0016921796853120342,0.0,15989542.98
2022-01-01,0.0016923029991289607,0.0017296787407981835,0.0016891601153091833,0.0017224975594214347,0.0,16276019.02
2022-01-02,0.001722385301310367,0.0017677369826853075,0.0017167475281001997,0.0017562274969095829,0.0,16594735.94
2022-01-03,0.0017561856872470743,0.0017653358968281183,0.0017215386788344833,0.0017405852111617734,0.0,16446930.71
2022-01-04,0.0017405980864964113,0.0017884238531497977,0.0017273229300914298,0.0017604061630587507,0.0,16634220.49
2022-01-05,0.0017604402767336688,0.0017995735289542617,0.001676413114298829,0.001701717552023957,0.0,16079667.05
2022-01-06,0.0017015965710178486,0.0017015965710178486,0.0016495037131561208,0.0016794946143785761,0.0,15869680.71
2022-01-07,0.0016792981981447643,0.0016796424676166146,0.0016031142968143054,0.0016358227698075464,0.0,15457021.91
2022-01-08,0.0016359254272316271,0.0016705492095262604,0.0016024608128855638,0.0016392741437879358,0.0,15489634.23
2022-01-09,0.0016392395705050692,0.0016678729375183556,0.0016228084695064226,0.0016461609461229446,0.0,15554708.18
2022-01-10,0.0016461071582078602,0.0016699626110813007,0.0015769056732558503,0.001608168993934938,0.0,15195719.15
2022-01-11,0.0016081282405611239,0.0016378017424476617,0.0015829386470093804,0.0016204880471689946,0.0,15312122.88
2022-01-12,0.0016206474944168367,0.0017013827040345173,0.0016184455397171152,0.0016927745166611314,0.0,15995163.59
2022-01-13,0.0016927173404177331,0.0017060238589925326,0.0016511432413355163,0.0016531586665717896,0.0,15620830.21
2022-01-14,0.0016533436130275977,0.0016780652076468982,0.0016382443945880268,0.0016688174865658275,0.0,15768791.67
2022-01-15,0.001668833706104818,0.0017019853960577689,0.0016628581124878102,0.0016710463996853517,0.0,15789852.85
2022-01-16,0.0016709997841165864,0.001681021656469136,0.0016558935692101982,0.0016729441567342766,0.0,15807784.91
2022-01-17,0.0016730110661445868,0.0016828813866366253,0.0016170726110282007,0.0016710352863006828,0.0,15789747.84
2022-01-18,0.0016710179157271288,0.0017771772640246364,0.0016312547480506286,0.0017305692572768235,0.0,16352289.15
2022-01-19,0.0017305179023490364,0.001772759792730383,0.0016830229534251983,0.0017092311422963783,0.0,16150663.57
2022-01-20,0.0017092167018840242,0.0018003697804696386,0.0016713070938678511,0.0017073292322957526,0.0,16132692.27
2022-01-21,0.0017080987566505405,0.0017215599894257136,0.0015524487432340306,0.00157341989323607,0.0,14867372.08
2022-01-22,0.0015742712789989137,0.0015915579867700623,0.0013484567028482883,0.0013746358445821786,0.0,12989045.49
2022-01-23,0.0013749977316121315,0.001444611114582919,0.0013521064712389715,0.0014274727460577043,0.0,13488305.66
2022-01-24,0.0014276396463753602,0.0014405364651455157,0.0013167310861155208,0.0013274600916395026,0.0,12543277.98
2022-01-25,0.00132747505899906,0.0017089861593148467,0.00131428650267608,0.0016804987942949893,0.0,15879169.29
2022-01-26,0.0016803799927639263,0.0017157853105849448,0.0016160186220579343,0.0016383313036486685,0.0,15480725.25
2022-01-27,0.0016379943829242507,0.001661689599250239,0.001602386398712066,0.0016534994805005902,0.0,15624050.59
2022-01-28,0.001653139809355417,0.001667069786366775,0.0015512789648542866,0.0016666347516145045,0.0,15748166.83
2022-01-29,0.0016664697724238877,0.0016780013229027698,0.0015671166990603308,0.00166639008136549,0.0,15745854.92
2022-01-30,0.0016669504092218092,0.0017026835836894206,0.0015743140016003607,0.001593054140074668,0.0,15052897.67
2022-01-31,0.0015930621137290044,0.0016139297732060951,0.0015483859268217914,0.0016094280076466223,0.0,15207615.67
2022-02-01,0.0016093308964050144,0.0016362294309157247,0.0015951334830842058,0.0016221366830223812,0.0,15327700.97
2022-02-02,0.0016221085806492378,0.001639157473077583,0.0015736315468385716,0.0015833905727749,0.0,14961585.84
2022-02-03,0.001583145119707895,0.0016636994471668771,0.0015550877732104888,0.0016636994471668771,0.0,15720430.9
2022-02-04,0.0016640001005363803,0.0017155731988244942,0.0015681720876233511,0.0017155218102096418,0.0,16210104.61
2022-02-05,0.0017156906218082912,0.0017280742426812681,0.00165779849644332,0.0016579291906860527,0.0,15665907.28
2022-02-06,0.0016579800633221892,0.0017945869686139247,0.0015348771729342737,0.0017432945322532298,0.0,16472531.31
2022-02-07,0.0017431772248222952,0.0018546408401810986,0.0016735678852000445,0.0017404132448790284,0.0,16445305.79
2022-02-08,0.0017407908290115494,0.0017668531635906392,0.0016735596452476268,0.0017234127881978708,0.0,16284667.1
2022-02-09,0.0017228121386055832,0.001753740733116497,0.0016863876420716661,0.0017272862676465958,0.0,16321267.92
2022-02-10,0.0017275122603978767,0.0017564458543781044,0.0016874003628580643,0.0016904538134961348,0.0,15973235.07
2022-02-11,0.0016905223198238515,0.0017018214622013,0.0016206419548922995,0.001639958234697527,0.0,15496098.26
2022-02-12,0.0016400110917341806,0.001645245455985402,0.0015858936650903416,0.001597808294339666,0.0,15097820.06
2022-02-13,0.0015976287278858623,0.0016193252240957578,0.0015825792742157655,0.0016024627555737412,0.0,15141800.44
2022-02-14,0.001601474024206754,0.0016155066400000907,0.001572220144408478,0.001606851418646665,0.0,15183269.27
2022-02-15,0.0016068855483916697,0.0016972049036247238,0.0015950649946101388,0.001694925745123461,0.0,16015490.72
2022-02-16,0.0016950612215222692,0.0017068491379458454,0.0015858762743541826,0.0016777123624564648,0.0,15852840.07
2022-02-17,0.0016772768338900264,0.001684526644831737,0.0015830559616232935,0.0015896166741384554,0.0,15020416.77
2022-02-18,0.0015902421077218535,0.0016120625845179844,0.001548099216575553,0.0015545655042246797,0.0,14689215.43
2022-02-19,0.0015543671351456322,0.0015706488726600723,0.0015351426853278905,0.0015549274962183856,0.0,14692635.92
2022-02-20,0.0015548925465238804,0.0015548925465238804,0.001498426368814781,0.0015076240375140905,0.0,14245661.7
2022-02-21,0.0015073681516819422,0.001544281507259048,0.0014653478178144107,0.0014658137179884023,0.0,13850592.61
2022-02-22,0.0014655674966696705,0.001486307649587051,0.0014431774942773737,0.001484676304447968,0.0,14028826.71
2022-02-23,0.001484695431029859,0.0015225666154947866,0.0014665105333265289,0.0014749729964747703,0.0,13937139.37
2022-02-24,0.001474458003444781,0.0015034602467792792,0.0013632146346620718,0.0014847962218655795,0.0,14029959.82
2022-02-25,0.001484871979187097,0.0015378497905658946,0.0014688554438590264,0.0015227642624896425,0.0,14388722.92
2022-02-26,0.0015228318870935424,0.0015567949020845772,0.0015157396055386662,0.001535355720524881,0.0,14507700.62
2022-02-27,0.0015351759206483754,0.0015627210612129483,0.0014582889351287002,0.0014873127957456289,0.0,14053739.13
2022-02-28,0.0014871637993255447,0.0015917162058332898,0.0014593345361569084,0.0015760441468512065,0.0,14892168.86
2022-03-01,0.0015761562026872522,0.0016132345685097547,0.0015193193072090398,0.0015624994390134761,0.0,14764183.82
2022-03-02,0.0015625311303322062,0.0015859041453897807,0.0014928343086567427,0.0015265600646861646,0.0,14424589.76
2022-03-03,0.001526581439454139,0.0015655990918486556,0.0014509639451874658,0.0015075303326501253,0.0,14244776.28
2022-03-04,0.001507681339632292,0.001535106231040158,0.0013543917959818288,0.0013544281683898853,0.0,12798101.52
2022-03-05,0.0013547283742049467,0.0014672171751387766,0.0013547283742049467,0.001416612866704637,0.0,13385689.78
2022-03-06,0.0014166656878238097,0.0014526404224442858,0.0013436923118520436,0.001347667158631017,0.0,12734216.19
2022-03-07,0.001347807596499442,0.001402879710121447,0.001301824223242413,0.0013133920537722115,0.0,12410347.95
2022-03-08,0.0013133441372902561,0.001402196447066372,0.0013113842805881819,0.0013596399073394388,0.0,12847347.67
2022-03-09,0.001359764363486672,0.001432599279741504,0.00135138856173696,0.0014213056642187354,0.0,13430032.4
2022-03-10,0.0014211017580023958,0.0014287683590881852,0.0013718593074005256,0.0013952601134423553,0.0,13183925.88
2022-03-11,0.0013953326380366355,0.0014345907927681254,0.0013507138566318591,0.0013925768096974096,0.0,13158571.13
2022-03-12,0.0013925954384512533,0.001417637388359846,0.0013909823723363564,0.0013990641068691054,0.0,13219870.12
2022-03-13,0.0013986258731518147,0.0014136906407277506,0.0013651942851573588,0.0013762015185316435,0.0,13003839.67
2022-03-14,0.0013760852048045862,0.001411506245286561,0.0013396598475927828,0.001411506245286561,0.0,13337436.9
2022-03-15,0.001411471368196895,0.001419470390999027,0.0013487126492772938,0.0013954425320310976,0.0,13185649.57
2022-03-16,0.0013953880208450466,0.0014418092797767188,0.0013491268667424035,0.0014211732199604398,0.0,13428780.92
2022-03-17,0.0014211218924168642,0.0014211218924168642,0.0013765788368094345,0.0013775970746078513,0.0,13017026.4
2022-03-18,0.0013774600617429634,0.0014299933846566514,0.0013611017094307658,0.0014151346079606126,0.0,13371721.59
2022-03-19,0.0014149788667511634,0.001427020434176417,0.0013968928302554196,0.0014255436730201648,0.0,13470077.69
2022-03-20,0.0014255908714084057,0.0014401620692728167,0.0013629064689633806,0.0013959408319879475,0.0,13190358.05
2022-03-21,0.0013958644872626128,0.0014637468813080887,0.0013726193050268027,0.0014555860619284028,0.0,13753950.66
2022-03-22,0.0014555152515112362,0.0014878653870438324,0.0014459117367790675,0.0014668755246955005,0.0,13860625.7
2022-03-23,0.0014669434146150904,0.0014800920286661776,0.001435686546046528,0.0014713706295129763,0.0,13903100.31
2022-03-24,0.0014713298058433419,0.001493692812753948,0.001447266776010096,0.0014782712650076612,0.0,13968304.98
2022-03-25,0.001478370664824313,0.001500320111855069,0.001458231232756392,0.0014718798251929204,0.0,13907911.75
2022-03-26,0.0014718567167031407,0.0014856596748823094,0.001452358965457197,0.001469743194468455,0.0,13887722.55
2022-03-27,0.0014698849266059875,0.0014978384943273304,0.0013785166928340735,0.0013827942988446772,0.0,13066135.39
2022-03-28,0.001382803174081975,0.0014906857666285122,0.0013783711201051704,0.001386735797078603,0.0,13103378.92
2022-03-29,0.0013864214260528873,0.0014503299290782043,0.0013849321021824762,0.0014200725391777936,0.0,13418380.5
2022-03-30,0.0014199173176538875,0.001473005026535175,0.0013696877750075788,0.0014302641263701625,0.0,13514681.64
2022-03-31,0.0014302525517041378,0.0015631348755922921,0.0014129857393469767,0.0015161149480635702,0.0,14325893.01
2022-04-01,0.0015163792957163672,0.0015327778982460823,0.0014181717242511957,0.0014634876329386783,0.0,13828613.24
2022-04-02,0.001463560168153158,0.0014941710875614298,0.0014480927541125812,0.0014498981521864236,0.0,13700205.14
2022-04-03,0.001449773277857127,0.0014663508113859018,0.001439727596863389,0.0014499258550582479,0.0,13700466.9
2022-04-04,0.0014497889578061894,0.001513817437526303,0.0014374493003772358,0.0015087178405472845,0.0,14255997.14
2022-04-05,0.001508731786825312,0.001512825101672457,0.0014699241682863315,0.0014713964531312819,0.0,13903344.32
2022-04-06,0.0014712708219266051,0.0014712708219266051,0.0013844596540135182,0.0013846505346304964,0.0,13083675.11
2022-04-07,0.0013847277776241995,0.0014132951453922982,0.0013791248332084972,0.0014089993381993665,0.0,13313748.93
2022-04-08,0.0014090106126713466,0.0014282827708188353,0.0013837453297967125,0.0013913967112759015,0.0,13147420.28
2022-04-09,0.0013913362013371286,0.0014015400475327294,0.0013422092710948083,0.0013561424572277388,0.0,12814299.98
2022-04-10,0.0013560429424882836,0.0013719708817057834,0.0013402580766030854,0.0013402580766030854,0.0,12664207.18
2022-04-11,0.0013399030319314962,0.0013483249232042532,0.0012447243644854405,0.0012719746998363936,0.0,12018992.02
2022-04-12,0.0012721362072333586,0.0013114174669556747,0.0012638611357294494,0.0013106712468678194,0.0,12384638.83
2022-04-13,0.001310570774411378,0.0013340703811117953,0.0012992562302892505,0.0013334102287552328,0.0,12599501.31
2022-04-14,0.001333276234967725,0.0013472963366360643,0.0013112695409321794,0.001320086140791698,0.0,12473600.92
2022-04-15,0.0013201493341645717,0.0013350009391832885,0.0013126914671763275,0.0013334429594523782,0.0,12599810.58
2022-04-16,0.0013334583520382445,0.0013573329337609945,0.0013233067135127515,0.0013535325935645215,0.0,12789639.16
2022-04-17,0.0013534034247640575,0.0013571306588320603,0.0013150700211164924,0.0013150700211164924,0.0,12426203.2
2022-04-18,0.0013151260663204342,0.0013417865187902022,0.001291917385325475,0.0013313913356939855,0.0,12580424.62
2022-04-19,0.00133140366473078,0.0014797730517343872,0.0013280095431240431,0.0014771375250686011,0.0,13957592.18
